"Benchmark","Mode","Threads","Samples","Score","Score Error (99.9%)","Unit","Param: charsetName","Param: targetBufferSize","Param: transferSize"
"com.github.marschall.readerbenchmarks.InputStreamReaderBenchmarks.readDirectBuffer","thrpt",1,5,5516.623565,26.483110,"ops/ms",US-ASCII,128,128
"com.github.marschall.readerbenchmarks.InputStreamReaderBenchmarks.readDirectBuffer:·gc.alloc.rate","thrpt",1,5,1362.768380,6.496782,"MB/sec",US-ASCII,128,128
"com.github.marschall.readerbenchmarks.InputStreamReaderBenchmarks.readDirectBuffer:·gc.alloc.rate.norm","thrpt",1,5,272.010762,0.001585,"B/op",US-ASCII,128,128
"com.github.marschall.readerbenchmarks.InputStreamReaderBenchmarks.readDirectBuffer:·gc.churn.G1_Eden_Space","thrpt",1,5,1364.245410,97.103468,"MB/sec",US-ASCII,128,128
"com.github.marschall.readerbenchmarks.InputStreamReaderBenchmarks.readDirectBuffer:·gc.churn.G1_Eden_Space.norm","thrpt",1,5,272.304668,19.090404,"B/op",US-ASCII,128,128
"com.github.marschall.readerbenchmarks.InputStreamReaderBenchmarks.readDirectBuffer:·gc.churn.G1_Survivor_Space","thrpt",1,5,0.002703,0.002321,"MB/sec",US-ASCII,128,128
"com.github.marschall.readerbenchmarks.InputStreamReaderBenchmarks.readDirectBuffer:·gc.churn.G1_Survivor_Space.norm","thrpt",1,5,0.000539,0.000462,"B/op",US-ASCII,128,128
"com.github.marschall.readerbenchmarks.InputStreamReaderBenchmarks.readDirectBuffer:·gc.count","thrpt",1,5,121.000000,NaN,"counts",US-ASCII,128,128
"com.github.marschall.readerbenchmarks.InputStreamReaderBenchmarks.readDirectBuffer:·gc.time","thrpt",1,5,81.000000,NaN,"ms",US-ASCII,128,128
"com.github.marschall.readerbenchmarks.InputStreamReaderBenchmarks.readDirectBuffer","thrpt",1,5,6753.968555,16.228012,"ops/ms",US-ASCII,128,1024
"com.github.marschall.readerbenchmarks.InputStreamReaderBenchmarks.readDirectBuffer:·gc.alloc.rate","thrpt",1,5,2011.945196,4.820997,"MB/sec",US-ASCII,128,1024
"com.github.marschall.readerbenchmarks.InputStreamReaderBenchmarks.readDirectBuffer:·gc.alloc.rate.norm","thrpt",1,5,328.012595,0.001144,"B/op",US-ASCII,128,1024
"com.github.marschall.readerbenchmarks.InputStreamReaderBenchmarks.readDirectBuffer:·gc.churn.G1_Eden_Space","thrpt",1,5,2006.917517,118.892441,"MB/sec",US-ASCII,128,1024
"com.github.marschall.readerbenchmarks.InputStreamReaderBenchmarks.readDirectBuffer:·gc.churn.G1_Eden_Space.norm","thrpt",1,5,327.190916,18.733459,"B/op",US-ASCII,128,1024
"com.github.marschall.readerbenchmarks.InputStreamReaderBenchmarks.readDirectBuffer:·gc.churn.G1_Survivor_Space","thrpt",1,5,0.002683,0.002108,"MB/sec",US-ASCII,128,1024
"com.github.marschall.readerbenchmarks.InputStreamReaderBenchmarks.readDirectBuffer:·gc.churn.G1_Survivor_Space.norm","thrpt",1,5,0.000437,0.000344,"B/op",US-ASCII,128,1024
"com.github.marschall.readerbenchmarks.InputStreamReaderBenchmarks.readDirectBuffer:·gc.count","thrpt",1,5,178.000000,NaN,"counts",US-ASCII,128,1024
"com.github.marschall.readerbenchmarks.InputStreamReaderBenchmarks.readDirectBuffer:·gc.time","thrpt",1,5,113.000000,NaN,"ms",US-ASCII,128,1024
"com.github.marschall.readerbenchmarks.InputStreamReaderBenchmarks.readDirectBuffer","thrpt",1,5,6525.127222,8.950039,"ops/ms",US-ASCII,128,1048576
"com.github.marschall.readerbenchmarks.InputStreamReaderBenchmarks.readDirectBuffer:·gc.alloc.rate","thrpt",1,5,1943.772408,2.589057,"MB/sec",US-ASCII,128,1048576
"com.github.marschall.readerbenchmarks.InputStreamReaderBenchmarks.readDirectBuffer:·gc.alloc.rate.norm","thrpt",1,5,328.012673,0.001512,"B/op",US-ASCII,128,1048576
"com.github.marschall.readerbenchmarks.InputStreamReaderBenchmarks.readDirectBuffer:·gc.churn.G1_Eden_Space","thrpt",1,5,1950.547993,118.927557,"MB/sec",US-ASCII,128,1048576
"com.github.marschall.readerbenchmarks.InputStreamReaderBenchmarks.readDirectBuffer:·gc.churn.G1_Eden_Space.norm","thrpt",1,5,329.155847,20.000870,"B/op",US-ASCII,128,1048576
"com.github.marschall.readerbenchmarks.InputStreamReaderBenchmarks.readDirectBuffer:·gc.churn.G1_Survivor_Space","thrpt",1,5,0.003011,0.003586,"MB/sec",US-ASCII,128,1048576
"com.github.marschall.readerbenchmarks.InputStreamReaderBenchmarks.readDirectBuffer:·gc.churn.G1_Survivor_Space.norm","thrpt",1,5,0.000508,0.000605,"B/op",US-ASCII,128,1048576
"com.github.marschall.readerbenchmarks.InputStreamReaderBenchmarks.readDirectBuffer:·gc.count","thrpt",1,5,173.000000,NaN,"counts",US-ASCII,128,1048576
"com.github.marschall.readerbenchmarks.InputStreamReaderBenchmarks.readDirectBuffer:·gc.time","thrpt",1,5,95.000000,NaN,"ms",US-ASCII,128,1048576
"com.github.marschall.readerbenchmarks.InputStreamReaderBenchmarks.readDirectBuffer","thrpt",1,5,872.530133,1.540805,"ops/ms",US-ASCII,1024,128
"com.github.marschall.readerbenchmarks.InputStreamReaderBenchmarks.readDirectBuffer:·gc.alloc.rate","thrpt",1,5,1635.587675,2.928926,"MB/sec",US-ASCII,1024,128
"com.github.marschall.readerbenchmarks.InputStreamReaderBenchmarks.readDirectBuffer:·gc.alloc.rate.norm","thrpt",1,5,2064.080839,0.012001,"B/op",US-ASCII,1024,128
"com.github.marschall.readerbenchmarks.InputStreamReaderBenchmarks.readDirectBuffer:·gc.churn.G1_Eden_Space","thrpt",1,5,1646.126964,97.096372,"MB/sec",US-ASCII,1024,128
"com.github.marschall.readerbenchmarks.InputStreamReaderBenchmarks.readDirectBuffer:·gc.churn.G1_Eden_Space.norm","thrpt",1,5,2077.375648,120.672796,"B/op",US-ASCII,1024,128
"com.github.marschall.readerbenchmarks.InputStreamReaderBenchmarks.readDirectBuffer:·gc.churn.G1_Survivor_Space","thrpt",1,5,0.003040,0.003917,"MB/sec",US-ASCII,1024,128
"com.github.marschall.readerbenchmarks.InputStreamReaderBenchmarks.readDirectBuffer:·gc.churn.G1_Survivor_Space.norm","thrpt",1,5,0.003836,0.004937,"B/op",US-ASCII,1024,128
"com.github.marschall.readerbenchmarks.InputStreamReaderBenchmarks.readDirectBuffer:·gc.count","thrpt",1,5,146.000000,NaN,"counts",US-ASCII,1024,128
"com.github.marschall.readerbenchmarks.InputStreamReaderBenchmarks.readDirectBuffer:·gc.time","thrpt",1,5,98.000000,NaN,"ms",US-ASCII,1024,128
"com.github.marschall.readerbenchmarks.InputStreamReaderBenchmarks.readDirectBuffer","thrpt",1,5,1364.120023,6.867734,"ops/ms",US-ASCII,1024,1024
"com.github.marschall.readerbenchmarks.InputStreamReaderBenchmarks.readDirectBuffer:·gc.alloc.rate","thrpt",1,5,2557.091123,12.915306,"MB/sec",US-ASCII,1024,1024
"com.github.marschall.readerbenchmarks.InputStreamReaderBenchmarks.readDirectBuffer:·gc.alloc.rate.norm","thrpt",1,5,2064.078414,0.004072,"B/op",US-ASCII,1024,1024
"com.github.marschall.readerbenchmarks.InputStreamReaderBenchmarks.readDirectBuffer:·gc.churn.G1_Eden_Space","thrpt",1,5,2559.388051,118.954712,"MB/sec",US-ASCII,1024,1024
"com.github.marschall.readerbenchmarks.InputStreamReaderBenchmarks.readDirectBuffer:·gc.churn.G1_Eden_Space.norm","thrpt",1,5,2065.929017,94.027586,"B/op",US-ASCII,1024,1024
"com.github.marschall.readerbenchmarks.InputStreamReaderBenchmarks.readDirectBuffer:·gc.churn.G1_Survivor_Space","thrpt",1,5,0.003122,0.005763,"MB/sec",US-ASCII,1024,1024
"com.github.marschall.readerbenchmarks.InputStreamReaderBenchmarks.readDirectBuffer:·gc.churn.G1_Survivor_Space.norm","thrpt",1,5,0.002520,0.004650,"B/op",US-ASCII,1024,1024
"com.github.marschall.readerbenchmarks.InputStreamReaderBenchmarks.readDirectBuffer:·gc.count","thrpt",1,5,227.000000,NaN,"counts",US-ASCII,1024,1024
"com.github.marschall.readerbenchmarks.InputStreamReaderBenchmarks.readDirectBuffer:·gc.time","thrpt",1,5,125.000000,NaN,"ms",US-ASCII,1024,1024
"com.github.marschall.readerbenchmarks.InputStreamReaderBenchmarks.readDirectBuffer","thrpt",1,5,1487.582039,7.178983,"ops/ms",US-ASCII,1024,1048576
"com.github.marschall.readerbenchmarks.InputStreamReaderBenchmarks.readDirectBuffer:·gc.alloc.rate","thrpt",1,5,2788.502975,13.319720,"MB/sec",US-ASCII,1024,1048576
"com.github.marschall.readerbenchmarks.InputStreamReaderBenchmarks.readDirectBuffer:·gc.alloc.rate.norm","thrpt",1,5,2064.077909,0.005182,"B/op",US-ASCII,1024,1048576
"com.github.marschall.readerbenchmarks.InputStreamReaderBenchmarks.readDirectBuffer:·gc.churn.G1_Eden_Space","thrpt",1,5,2784.866662,118.958167,"MB/sec",US-ASCII,1024,1048576
"com.github.marschall.readerbenchmarks.InputStreamReaderBenchmarks.readDirectBuffer:·gc.churn.G1_Eden_Space.norm","thrpt",1,5,2061.404398,95.119627,"B/op",US-ASCII,1024,1048576
"com.github.marschall.readerbenchmarks.InputStreamReaderBenchmarks.readDirectBuffer:·gc.churn.G1_Survivor_Space","thrpt",1,5,0.002936,0.003255,"MB/sec",US-ASCII,1024,1048576
"com.github.marschall.readerbenchmarks.InputStreamReaderBenchmarks.readDirectBuffer:·gc.churn.G1_Survivor_Space.norm","thrpt",1,5,0.002173,0.002405,"B/op",US-ASCII,1024,1048576
"com.github.marschall.readerbenchmarks.InputStreamReaderBenchmarks.readDirectBuffer:·gc.count","thrpt",1,5,247.000000,NaN,"counts",US-ASCII,1024,1048576
"com.github.marschall.readerbenchmarks.InputStreamReaderBenchmarks.readDirectBuffer:·gc.time","thrpt",1,5,139.000000,NaN,"ms",US-ASCII,1024,1048576
"com.github.marschall.readerbenchmarks.InputStreamReaderBenchmarks.readDirectBuffer","thrpt",1,5,1.009449,0.009130,"ops/ms",US-ASCII,1048576,128
"com.github.marschall.readerbenchmarks.InputStreamReaderBenchmarks.readDirectBuffer:·gc.alloc.rate","thrpt",1,5,21.606677,0.197628,"MB/sec",US-ASCII,1048576,128
"com.github.marschall.readerbenchmarks.InputStreamReaderBenchmarks.readDirectBuffer:·gc.alloc.rate.norm","thrpt",1,5,23569.095310,5.556484,"B/op",US-ASCII,1048576,128
"com.github.marschall.readerbenchmarks.InputStreamReaderBenchmarks.readDirectBuffer:·gc.churn.G1_Eden_Space","thrpt",1,5,22.548090,118.889568,"MB/sec",US-ASCII,1048576,128
"com.github.marschall.readerbenchmarks.InputStreamReaderBenchmarks.readDirectBuffer:·gc.churn.G1_Eden_Space.norm","thrpt",1,5,24577.182382,129588.595898,"B/op",US-ASCII,1048576,128
"com.github.marschall.readerbenchmarks.InputStreamReaderBenchmarks.readDirectBuffer:·gc.churn.G1_Survivor_Space","thrpt",1,5,0.000554,0.004774,"MB/sec",US-ASCII,1048576,128
"com.github.marschall.readerbenchmarks.InputStreamReaderBenchmarks.readDirectBuffer:·gc.churn.G1_Survivor_Space.norm","thrpt",1,5,0.603499,5.196309,"B/op",US-ASCII,1048576,128
"com.github.marschall.readerbenchmarks.InputStreamReaderBenchmarks.readDirectBuffer:·gc.count","thrpt",1,5,2.000000,NaN,"counts",US-ASCII,1048576,128
"com.github.marschall.readerbenchmarks.InputStreamReaderBenchmarks.readDirectBuffer:·gc.time","thrpt",1,5,3.000000,NaN,"ms",US-ASCII,1048576,128
"com.github.marschall.readerbenchmarks.InputStreamReaderBenchmarks.readDirectBuffer","thrpt",1,5,1.157946,0.019155,"ops/ms",US-ASCII,1048576,1024
"com.github.marschall.readerbenchmarks.InputStreamReaderBenchmarks.readDirectBuffer:·gc.alloc.rate","thrpt",1,5,17.247104,0.284945,"MB/sec",US-ASCII,1048576,1024
"com.github.marschall.readerbenchmarks.InputStreamReaderBenchmarks.readDirectBuffer:·gc.alloc.rate.norm","thrpt",1,5,16400.956446,4.842697,"B/op",US-ASCII,1048576,1024
"com.github.marschall.readerbenchmarks.InputStreamReaderBenchmarks.readDirectBuffer:·gc.churn.G1_Eden_Space","thrpt",1,5,22.547989,118.889037,"MB/sec",US-ASCII,1048576,1024
"com.github.marschall.readerbenchmarks.InputStreamReaderBenchmarks.readDirectBuffer:·gc.churn.G1_Eden_Space.norm","thrpt",1,5,21436.833555,113030.253176,"B/op",US-ASCII,1048576,1024
"com.github.marschall.readerbenchmarks.InputStreamReaderBenchmarks.readDirectBuffer:·gc.churn.G1_Survivor_Space","thrpt",1,5,0.000404,0.003477,"MB/sec",US-ASCII,1048576,1024
"com.github.marschall.readerbenchmarks.InputStreamReaderBenchmarks.readDirectBuffer:·gc.churn.G1_Survivor_Space.norm","thrpt",1,5,0.384039,3.306689,"B/op",US-ASCII,1048576,1024
"com.github.marschall.readerbenchmarks.InputStreamReaderBenchmarks.readDirectBuffer:·gc.count","thrpt",1,5,2.000000,NaN,"counts",US-ASCII,1048576,1024
"com.github.marschall.readerbenchmarks.InputStreamReaderBenchmarks.readDirectBuffer:·gc.time","thrpt",1,5,3.000000,NaN,"ms",US-ASCII,1048576,1024
"com.github.marschall.readerbenchmarks.InputStreamReaderBenchmarks.readDirectBuffer","thrpt",1,5,2.054623,0.008502,"ops/ms",US-ASCII,1048576,1048576
"com.github.marschall.readerbenchmarks.InputStreamReaderBenchmarks.readDirectBuffer:·gc.alloc.rate","thrpt",1,5,43.977648,0.182314,"MB/sec",US-ASCII,1048576,1048576
"com.github.marschall.readerbenchmarks.InputStreamReaderBenchmarks.readDirectBuffer:·gc.alloc.rate.norm","thrpt",1,5,23568.798740,2.732439,"B/op",US-ASCII,1048576,1048576
"com.github.marschall.readerbenchmarks.InputStreamReaderBenchmarks.readDirectBuffer:·gc.churn.G1_Eden_Space","thrpt",1,5,33.823205,118.893332,"MB/sec",US-ASCII,1048576,1048576
"com.github.marschall.readerbenchmarks.InputStreamReaderBenchmarks.readDirectBuffer:·gc.churn.G1_Eden_Space.norm","thrpt",1,5,18127.529043,63720.831399,"B/op",US-ASCII,1048576,1048576
"com.github.marschall.readerbenchmarks.InputStreamReaderBenchmarks.readDirectBuffer:·gc.churn.G1_Survivor_Space","thrpt",1,5,0.000797,0.006072,"MB/sec",US-ASCII,1048576,1048576
"com.github.marschall.readerbenchmarks.InputStreamReaderBenchmarks.readDirectBuffer:·gc.churn.G1_Survivor_Space.norm","thrpt",1,5,0.427182,3.256107,"B/op",US-ASCII,1048576,1048576
"com.github.marschall.readerbenchmarks.InputStreamReaderBenchmarks.readDirectBuffer:·gc.count","thrpt",1,5,3.000000,NaN,"counts",US-ASCII,1048576,1048576
"com.github.marschall.readerbenchmarks.InputStreamReaderBenchmarks.readDirectBuffer:·gc.time","thrpt",1,5,5.000000,NaN,"ms",US-ASCII,1048576,1048576
"com.github.marschall.readerbenchmarks.InputStreamReaderBenchmarks.readDirectBuffer","thrpt",1,5,6296.213990,21.457802,"ops/ms",ISO-8859-1,128,128
"com.github.marschall.readerbenchmarks.InputStreamReaderBenchmarks.readDirectBuffer:·gc.alloc.rate","thrpt",1,5,1555.340619,5.301530,"MB/sec",ISO-8859-1,128,128
"com.github.marschall.readerbenchmarks.InputStreamReaderBenchmarks.readDirectBuffer:·gc.alloc.rate.norm","thrpt",1,5,272.010631,0.001238,"B/op",ISO-8859-1,128,128
"com.github.marschall.readerbenchmarks.InputStreamReaderBenchmarks.readDirectBuffer:·gc.churn.G1_Eden_Space","thrpt",1,5,1555.905400,118.907345,"MB/sec",ISO-8859-1,128,128
"com.github.marschall.readerbenchmarks.InputStreamReaderBenchmarks.readDirectBuffer:·gc.churn.G1_Eden_Space.norm","thrpt",1,5,272.106562,20.078323,"B/op",ISO-8859-1,128,128
"com.github.marschall.readerbenchmarks.InputStreamReaderBenchmarks.readDirectBuffer:·gc.churn.G1_Survivor_Space","thrpt",1,5,0.002522,0.002430,"MB/sec",ISO-8859-1,128,128
"com.github.marschall.readerbenchmarks.InputStreamReaderBenchmarks.readDirectBuffer:·gc.churn.G1_Survivor_Space.norm","thrpt",1,5,0.000441,0.000425,"B/op",ISO-8859-1,128,128
"com.github.marschall.readerbenchmarks.InputStreamReaderBenchmarks.readDirectBuffer:·gc.count","thrpt",1,5,138.000000,NaN,"counts",ISO-8859-1,128,128
"com.github.marschall.readerbenchmarks.InputStreamReaderBenchmarks.readDirectBuffer:·gc.time","thrpt",1,5,100.000000,NaN,"ms",ISO-8859-1,128,128
"com.github.marschall.readerbenchmarks.InputStreamReaderBenchmarks.readDirectBuffer","thrpt",1,5,7315.467733,15.651076,"ops/ms",ISO-8859-1,128,1024
"com.github.marschall.readerbenchmarks.InputStreamReaderBenchmarks.readDirectBuffer:·gc.alloc.rate","thrpt",1,5,1807.148376,3.794987,"MB/sec",ISO-8859-1,128,1024
"com.github.marschall.readerbenchmarks.InputStreamReaderBenchmarks.readDirectBuffer:·gc.alloc.rate.norm","thrpt",1,5,272.010552,0.001139,"B/op",ISO-8859-1,128,1024
"com.github.marschall.readerbenchmarks.InputStreamReaderBenchmarks.readDirectBuffer:·gc.churn.G1_Eden_Space","thrpt",1,5,1815.246791,97.175657,"MB/sec",ISO-8859-1,128,1024
"com.github.marschall.readerbenchmarks.InputStreamReaderBenchmarks.readDirectBuffer:·gc.churn.G1_Eden_Space.norm","thrpt",1,5,273.229716,14.684202,"B/op",ISO-8859-1,128,1024
"com.github.marschall.readerbenchmarks.InputStreamReaderBenchmarks.readDirectBuffer:·gc.churn.G1_Survivor_Space","thrpt",1,5,0.002665,0.000938,"MB/sec",ISO-8859-1,128,1024
"com.github.marschall.readerbenchmarks.InputStreamReaderBenchmarks.readDirectBuffer:·gc.churn.G1_Survivor_Space.norm","thrpt",1,5,0.000401,0.000141,"B/op",ISO-8859-1,128,1024
"com.github.marschall.readerbenchmarks.InputStreamReaderBenchmarks.readDirectBuffer:·gc.count","thrpt",1,5,161.000000,NaN,"counts",ISO-8859-1,128,1024
"com.github.marschall.readerbenchmarks.InputStreamReaderBenchmarks.readDirectBuffer:·gc.time","thrpt",1,5,104.000000,NaN,"ms",ISO-8859-1,128,1024
"com.github.marschall.readerbenchmarks.InputStreamReaderBenchmarks.readDirectBuffer","thrpt",1,5,7018.084487,13.124654,"ops/ms",ISO-8859-1,128,1048576
"com.github.marschall.readerbenchmarks.InputStreamReaderBenchmarks.readDirectBuffer:·gc.alloc.rate","thrpt",1,5,1733.682231,3.246843,"MB/sec",ISO-8859-1,128,1048576
"com.github.marschall.readerbenchmarks.InputStreamReaderBenchmarks.readDirectBuffer:·gc.alloc.rate.norm","thrpt",1,5,272.010558,0.001111,"B/op",ISO-8859-1,128,1048576
"com.github.marschall.readerbenchmarks.InputStreamReaderBenchmarks.readDirectBuffer:·gc.churn.G1_Eden_Space","thrpt",1,5,1736.314931,97.033473,"MB/sec",ISO-8859-1,128,1048576
"com.github.marschall.readerbenchmarks.InputStreamReaderBenchmarks.readDirectBuffer:·gc.churn.G1_Eden_Space.norm","thrpt",1,5,272.423548,15.192202,"B/op",ISO-8859-1,128,1048576
"com.github.marschall.readerbenchmarks.InputStreamReaderBenchmarks.readDirectBuffer:·gc.churn.G1_Survivor_Space","thrpt",1,5,0.002743,0.001954,"MB/sec",ISO-8859-1,128,1048576
"com.github.marschall.readerbenchmarks.InputStreamReaderBenchmarks.readDirectBuffer:·gc.churn.G1_Survivor_Space.norm","thrpt",1,5,0.000430,0.000307,"B/op",ISO-8859-1,128,1048576
"com.github.marschall.readerbenchmarks.InputStreamReaderBenchmarks.readDirectBuffer:·gc.count","thrpt",1,5,154.000000,NaN,"counts",ISO-8859-1,128,1048576
"com.github.marschall.readerbenchmarks.InputStreamReaderBenchmarks.readDirectBuffer:·gc.time","thrpt",1,5,90.000000,NaN,"ms",ISO-8859-1,128,1048576
"com.github.marschall.readerbenchmarks.InputStreamReaderBenchmarks.readDirectBuffer","thrpt",1,5,868.645496,1.916533,"ops/ms",ISO-8859-1,1024,128
"com.github.marschall.readerbenchmarks.InputStreamReaderBenchmarks.readDirectBuffer:·gc.alloc.rate","thrpt",1,5,1672.468750,3.658300,"MB/sec",ISO-8859-1,1024,128
"com.github.marschall.readerbenchmarks.InputStreamReaderBenchmarks.readDirectBuffer:·gc.alloc.rate.norm","thrpt",1,5,2120.082207,0.011305,"B/op",ISO-8859-1,1024,128
"com.github.marschall.readerbenchmarks.InputStreamReaderBenchmarks.readDirectBuffer:·gc.churn.G1_Eden_Space","thrpt",1,5,1668.659926,118.923614,"MB/sec",ISO-8859-1,1024,128
"com.github.marschall.readerbenchmarks.InputStreamReaderBenchmarks.readDirectBuffer:·gc.churn.G1_Eden_Space.norm","thrpt",1,5,2115.259796,152.172600,"B/op",ISO-8859-1,1024,128
"com.github.marschall.readerbenchmarks.InputStreamReaderBenchmarks.readDirectBuffer:·gc.churn.G1_Survivor_Space","thrpt",1,5,0.002775,0.002398,"MB/sec",ISO-8859-1,1024,128
"com.github.marschall.readerbenchmarks.InputStreamReaderBenchmarks.readDirectBuffer:·gc.churn.G1_Survivor_Space.norm","thrpt",1,5,0.003517,0.003036,"B/op",ISO-8859-1,1024,128
"com.github.marschall.readerbenchmarks.InputStreamReaderBenchmarks.readDirectBuffer:·gc.count","thrpt",1,5,148.000000,NaN,"counts",ISO-8859-1,1024,128
"com.github.marschall.readerbenchmarks.InputStreamReaderBenchmarks.readDirectBuffer:·gc.time","thrpt",1,5,83.000000,NaN,"ms",ISO-8859-1,1024,128
"com.github.marschall.readerbenchmarks.InputStreamReaderBenchmarks.readDirectBuffer","thrpt",1,5,1582.062589,6.088388,"ops/ms",ISO-8859-1,1024,1024
"com.github.marschall.readerbenchmarks.InputStreamReaderBenchmarks.readDirectBuffer:·gc.alloc.rate","thrpt",1,5,2965.621859,11.350054,"MB/sec",ISO-8859-1,1024,1024
"com.github.marschall.readerbenchmarks.InputStreamReaderBenchmarks.readDirectBuffer:·gc.alloc.rate.norm","thrpt",1,5,2064.077802,0.005866,"B/op",ISO-8859-1,1024,1024
"com.github.marschall.readerbenchmarks.InputStreamReaderBenchmarks.readDirectBuffer:·gc.churn.G1_Eden_Space","thrpt",1,5,2965.269724,118.820673,"MB/sec",ISO-8859-1,1024,1024
"com.github.marschall.readerbenchmarks.InputStreamReaderBenchmarks.readDirectBuffer:·gc.churn.G1_Eden_Space.norm","thrpt",1,5,2063.841616,86.346398,"B/op",ISO-8859-1,1024,1024
"com.github.marschall.readerbenchmarks.InputStreamReaderBenchmarks.readDirectBuffer:·gc.churn.G1_Survivor_Space","thrpt",1,5,0.003502,0.005366,"MB/sec",ISO-8859-1,1024,1024
"com.github.marschall.readerbenchmarks.InputStreamReaderBenchmarks.readDirectBuffer:·gc.churn.G1_Survivor_Space.norm","thrpt",1,5,0.002437,0.003726,"B/op",ISO-8859-1,1024,1024
"com.github.marschall.readerbenchmarks.InputStreamReaderBenchmarks.readDirectBuffer:·gc.count","thrpt",1,5,263.000000,NaN,"counts",ISO-8859-1,1024,1024
"com.github.marschall.readerbenchmarks.InputStreamReaderBenchmarks.readDirectBuffer:·gc.time","thrpt",1,5,147.000000,NaN,"ms",ISO-8859-1,1024,1024
"com.github.marschall.readerbenchmarks.InputStreamReaderBenchmarks.readDirectBuffer","thrpt",1,5,1590.162034,7.792266,"ops/ms",ISO-8859-1,1024,1048576
"com.github.marschall.readerbenchmarks.InputStreamReaderBenchmarks.readDirectBuffer:·gc.alloc.rate","thrpt",1,5,3061.680481,15.084581,"MB/sec",ISO-8859-1,1024,1048576
"com.github.marschall.readerbenchmarks.InputStreamReaderBenchmarks.readDirectBuffer:·gc.alloc.rate.norm","thrpt",1,5,2120.079942,0.005798,"B/op",ISO-8859-1,1024,1048576
"com.github.marschall.readerbenchmarks.InputStreamReaderBenchmarks.readDirectBuffer:·gc.churn.G1_Eden_Space","thrpt",1,5,3066.752624,118.862209,"MB/sec",ISO-8859-1,1024,1048576
"com.github.marschall.readerbenchmarks.InputStreamReaderBenchmarks.readDirectBuffer:·gc.churn.G1_Eden_Space.norm","thrpt",1,5,2123.588939,80.056295,"B/op",ISO-8859-1,1024,1048576
"com.github.marschall.readerbenchmarks.InputStreamReaderBenchmarks.readDirectBuffer:·gc.churn.G1_Survivor_Space","thrpt",1,5,0.003817,0.005953,"MB/sec",ISO-8859-1,1024,1048576
"com.github.marschall.readerbenchmarks.InputStreamReaderBenchmarks.readDirectBuffer:·gc.churn.G1_Survivor_Space.norm","thrpt",1,5,0.002644,0.004133,"B/op",ISO-8859-1,1024,1048576
"com.github.marschall.readerbenchmarks.InputStreamReaderBenchmarks.readDirectBuffer:·gc.count","thrpt",1,5,272.000000,NaN,"counts",ISO-8859-1,1024,1048576
"com.github.marschall.readerbenchmarks.InputStreamReaderBenchmarks.readDirectBuffer:·gc.time","thrpt",1,5,152.000000,NaN,"ms",ISO-8859-1,1024,1048576
"com.github.marschall.readerbenchmarks.InputStreamReaderBenchmarks.readDirectBuffer","thrpt",1,5,0.994555,0.028227,"ops/ms",ISO-8859-1,1048576,128
"com.github.marschall.readerbenchmarks.InputStreamReaderBenchmarks.readDirectBuffer:·gc.alloc.rate","thrpt",1,5,21.288061,0.602127,"MB/sec",ISO-8859-1,1048576,128
"com.github.marschall.readerbenchmarks.InputStreamReaderBenchmarks.readDirectBuffer:·gc.alloc.rate.norm","thrpt",1,5,23569.117429,5.659317,"B/op",ISO-8859-1,1048576,128
"com.github.marschall.readerbenchmarks.InputStreamReaderBenchmarks.readDirectBuffer:·gc.churn.G1_Eden_Space","thrpt",1,5,22.548529,118.891883,"MB/sec",ISO-8859-1,1048576,128
"com.github.marschall.readerbenchmarks.InputStreamReaderBenchmarks.readDirectBuffer:·gc.churn.G1_Eden_Space.norm","thrpt",1,5,25074.876778,132213.106798,"B/op",ISO-8859-1,1048576,128
"com.github.marschall.readerbenchmarks.InputStreamReaderBenchmarks.readDirectBuffer:·gc.count","thrpt",1,5,2.000000,NaN,"counts",ISO-8859-1,1048576,128
"com.github.marschall.readerbenchmarks.InputStreamReaderBenchmarks.readDirectBuffer:·gc.time","thrpt",1,5,4.000000,NaN,"ms",ISO-8859-1,1048576,128
"com.github.marschall.readerbenchmarks.InputStreamReaderBenchmarks.readDirectBuffer","thrpt",1,5,1.468798,0.008272,"ops/ms",ISO-8859-1,1048576,1024
"com.github.marschall.readerbenchmarks.InputStreamReaderBenchmarks.readDirectBuffer:·gc.alloc.rate","thrpt",1,5,31.438813,0.179162,"MB/sec",ISO-8859-1,1048576,1024
"com.github.marschall.readerbenchmarks.InputStreamReaderBenchmarks.readDirectBuffer:·gc.alloc.rate.norm","thrpt",1,5,23569.116861,3.808133,"B/op",ISO-8859-1,1048576,1024
"com.github.marschall.readerbenchmarks.InputStreamReaderBenchmarks.readDirectBuffer:·gc.churn.G1_Eden_Space","thrpt",1,5,33.822800,118.891908,"MB/sec",ISO-8859-1,1048576,1024
"com.github.marschall.readerbenchmarks.InputStreamReaderBenchmarks.readDirectBuffer:·gc.churn.G1_Eden_Space.norm","thrpt",1,5,25344.534260,89089.798140,"B/op",ISO-8859-1,1048576,1024
"com.github.marschall.readerbenchmarks.InputStreamReaderBenchmarks.readDirectBuffer:·gc.churn.G1_Survivor_Space","thrpt",1,5,0.001256,0.010819,"MB/sec",ISO-8859-1,1048576,1024
"com.github.marschall.readerbenchmarks.InputStreamReaderBenchmarks.readDirectBuffer:·gc.churn.G1_Survivor_Space.norm","thrpt",1,5,0.940447,8.097534,"B/op",ISO-8859-1,1048576,1024
"com.github.marschall.readerbenchmarks.InputStreamReaderBenchmarks.readDirectBuffer:·gc.count","thrpt",1,5,3.000000,NaN,"counts",ISO-8859-1,1048576,1024
"com.github.marschall.readerbenchmarks.InputStreamReaderBenchmarks.readDirectBuffer:·gc.time","thrpt",1,5,5.000000,NaN,"ms",ISO-8859-1,1048576,1024
"com.github.marschall.readerbenchmarks.InputStreamReaderBenchmarks.readDirectBuffer","thrpt",1,5,2.216596,0.011986,"ops/ms",ISO-8859-1,1048576,1048576
"com.github.marschall.readerbenchmarks.InputStreamReaderBenchmarks.readDirectBuffer:·gc.alloc.rate","thrpt",1,5,33.015152,0.178333,"MB/sec",ISO-8859-1,1048576,1048576
"com.github.marschall.readerbenchmarks.InputStreamReaderBenchmarks.readDirectBuffer:·gc.alloc.rate.norm","thrpt",1,5,16400.740237,2.524032,"B/op",ISO-8859-1,1048576,1048576
"com.github.marschall.readerbenchmarks.InputStreamReaderBenchmarks.readDirectBuffer:·gc.churn.G1_Eden_Space","thrpt",1,5,33.823760,118.895283,"MB/sec",ISO-8859-1,1048576,1048576
"com.github.marschall.readerbenchmarks.InputStreamReaderBenchmarks.readDirectBuffer:·gc.churn.G1_Eden_Space.norm","thrpt",1,5,16804.736692,59071.094034,"B/op",ISO-8859-1,1048576,1048576
"com.github.marschall.readerbenchmarks.InputStreamReaderBenchmarks.readDirectBuffer:·gc.churn.G1_Survivor_Space","thrpt",1,5,0.000090,0.000776,"MB/sec",ISO-8859-1,1048576,1048576
"com.github.marschall.readerbenchmarks.InputStreamReaderBenchmarks.readDirectBuffer:·gc.churn.G1_Survivor_Space.norm","thrpt",1,5,0.044699,0.384870,"B/op",ISO-8859-1,1048576,1048576
"com.github.marschall.readerbenchmarks.InputStreamReaderBenchmarks.readDirectBuffer:·gc.count","thrpt",1,5,3.000000,NaN,"counts",ISO-8859-1,1048576,1048576
"com.github.marschall.readerbenchmarks.InputStreamReaderBenchmarks.readDirectBuffer:·gc.time","thrpt",1,5,5.000000,NaN,"ms",ISO-8859-1,1048576,1048576
"com.github.marschall.readerbenchmarks.InputStreamReaderBenchmarks.readDirectBuffer","thrpt",1,5,5836.807198,4.998173,"ops/ms",UTF-8,128,128
"com.github.marschall.readerbenchmarks.InputStreamReaderBenchmarks.readDirectBuffer:·gc.alloc.rate","thrpt",1,5,1738.718401,1.492650,"MB/sec",UTF-8,128,128
"com.github.marschall.readerbenchmarks.InputStreamReaderBenchmarks.readDirectBuffer:·gc.alloc.rate.norm","thrpt",1,5,328.012780,0.001319,"B/op",UTF-8,128,128
"com.github.marschall.readerbenchmarks.InputStreamReaderBenchmarks.readDirectBuffer:·gc.churn.G1_Eden_Space","thrpt",1,5,1747.588666,0.106983,"MB/sec",UTF-8,128,128
"com.github.marschall.readerbenchmarks.InputStreamReaderBenchmarks.readDirectBuffer:·gc.churn.G1_Eden_Space.norm","thrpt",1,5,329.686186,0.278536,"B/op",UTF-8,128,128
"com.github.marschall.readerbenchmarks.InputStreamReaderBenchmarks.readDirectBuffer:·gc.churn.G1_Survivor_Space","thrpt",1,5,0.002260,0.001222,"MB/sec",UTF-8,128,128
"com.github.marschall.readerbenchmarks.InputStreamReaderBenchmarks.readDirectBuffer:·gc.churn.G1_Survivor_Space.norm","thrpt",1,5,0.000426,0.000230,"B/op",UTF-8,128,128
"com.github.marschall.readerbenchmarks.InputStreamReaderBenchmarks.readDirectBuffer:·gc.count","thrpt",1,5,155.000000,NaN,"counts",UTF-8,128,128
"com.github.marschall.readerbenchmarks.InputStreamReaderBenchmarks.readDirectBuffer:·gc.time","thrpt",1,5,91.000000,NaN,"ms",UTF-8,128,128
"com.github.marschall.readerbenchmarks.InputStreamReaderBenchmarks.readDirectBuffer","thrpt",1,5,6406.503403,15.511419,"ops/ms",UTF-8,128,1024
"com.github.marschall.readerbenchmarks.InputStreamReaderBenchmarks.readDirectBuffer:·gc.alloc.rate","thrpt",1,5,1908.441436,4.665417,"MB/sec",UTF-8,128,1024
"com.github.marschall.readerbenchmarks.InputStreamReaderBenchmarks.readDirectBuffer:·gc.alloc.rate.norm","thrpt",1,5,328.012620,0.001203,"B/op",UTF-8,128,1024
"com.github.marschall.readerbenchmarks.InputStreamReaderBenchmarks.readDirectBuffer:·gc.churn.G1_Eden_Space","thrpt",1,5,1905.445976,97.004279,"MB/sec",UTF-8,128,1024
"com.github.marschall.readerbenchmarks.InputStreamReaderBenchmarks.readDirectBuffer:·gc.churn.G1_Eden_Space.norm","thrpt",1,5,327.499124,17.129604,"B/op",UTF-8,128,1024
"com.github.marschall.readerbenchmarks.InputStreamReaderBenchmarks.readDirectBuffer:·gc.churn.G1_Survivor_Space","thrpt",1,5,0.003013,0.001094,"MB/sec",UTF-8,128,1024
"com.github.marschall.readerbenchmarks.InputStreamReaderBenchmarks.readDirectBuffer:·gc.churn.G1_Survivor_Space.norm","thrpt",1,5,0.000518,0.000188,"B/op",UTF-8,128,1024
"com.github.marschall.readerbenchmarks.InputStreamReaderBenchmarks.readDirectBuffer:·gc.count","thrpt",1,5,169.000000,NaN,"counts",UTF-8,128,1024
"com.github.marschall.readerbenchmarks.InputStreamReaderBenchmarks.readDirectBuffer:·gc.time","thrpt",1,5,99.000000,NaN,"ms",UTF-8,128,1024
"com.github.marschall.readerbenchmarks.InputStreamReaderBenchmarks.readDirectBuffer","thrpt",1,5,6235.251256,37.048805,"ops/ms",UTF-8,128,1048576
"com.github.marschall.readerbenchmarks.InputStreamReaderBenchmarks.readDirectBuffer:·gc.alloc.rate","thrpt",1,5,1857.419150,11.027294,"MB/sec",UTF-8,128,1048576
"com.github.marschall.readerbenchmarks.InputStreamReaderBenchmarks.readDirectBuffer:·gc.alloc.rate.norm","thrpt",1,5,328.012681,0.001303,"B/op",UTF-8,128,1048576
"com.github.marschall.readerbenchmarks.InputStreamReaderBenchmarks.readDirectBuffer:·gc.churn.G1_Eden_Space","thrpt",1,5,1860.339156,0.086968,"MB/sec",UTF-8,128,1048576
"com.github.marschall.readerbenchmarks.InputStreamReaderBenchmarks.readDirectBuffer:·gc.churn.G1_Eden_Space.norm","thrpt",1,5,328.528967,1.951376,"B/op",UTF-8,128,1048576
"com.github.marschall.readerbenchmarks.InputStreamReaderBenchmarks.readDirectBuffer:·gc.churn.G1_Survivor_Space","thrpt",1,5,0.002800,0.002176,"MB/sec",UTF-8,128,1048576
"com.github.marschall.readerbenchmarks.InputStreamReaderBenchmarks.readDirectBuffer:·gc.churn.G1_Survivor_Space.norm","thrpt",1,5,0.000494,0.000384,"B/op",UTF-8,128,1048576
"com.github.marschall.readerbenchmarks.InputStreamReaderBenchmarks.readDirectBuffer:·gc.count","thrpt",1,5,165.000000,NaN,"counts",UTF-8,128,1048576
"com.github.marschall.readerbenchmarks.InputStreamReaderBenchmarks.readDirectBuffer:·gc.time","thrpt",1,5,97.000000,NaN,"ms",UTF-8,128,1048576
"com.github.marschall.readerbenchmarks.InputStreamReaderBenchmarks.readDirectBuffer","thrpt",1,5,1120.304878,3.980888,"ops/ms",UTF-8,1024,128
"com.github.marschall.readerbenchmarks.InputStreamReaderBenchmarks.readDirectBuffer:·gc.alloc.rate","thrpt",1,5,2157.024393,7.686898,"MB/sec",UTF-8,1024,128
"com.github.marschall.readerbenchmarks.InputStreamReaderBenchmarks.readDirectBuffer:·gc.alloc.rate.norm","thrpt",1,5,2120.081459,0.009066,"B/op",UTF-8,1024,128
"com.github.marschall.readerbenchmarks.InputStreamReaderBenchmarks.readDirectBuffer:·gc.churn.G1_Eden_Space","thrpt",1,5,2164.768572,118.903038,"MB/sec",UTF-8,1024,128
"com.github.marschall.readerbenchmarks.InputStreamReaderBenchmarks.readDirectBuffer:·gc.churn.G1_Eden_Space.norm","thrpt",1,5,2127.696876,117.924016,"B/op",UTF-8,1024,128
"com.github.marschall.readerbenchmarks.InputStreamReaderBenchmarks.readDirectBuffer:·gc.churn.G1_Survivor_Space","thrpt",1,5,0.002863,0.001656,"MB/sec",UTF-8,1024,128
"com.github.marschall.readerbenchmarks.InputStreamReaderBenchmarks.readDirectBuffer:·gc.churn.G1_Survivor_Space.norm","thrpt",1,5,0.002814,0.001631,"B/op",UTF-8,1024,128
"com.github.marschall.readerbenchmarks.InputStreamReaderBenchmarks.readDirectBuffer:·gc.count","thrpt",1,5,192.000000,NaN,"counts",UTF-8,1024,128
"com.github.marschall.readerbenchmarks.InputStreamReaderBenchmarks.readDirectBuffer:·gc.time","thrpt",1,5,106.000000,NaN,"ms",UTF-8,1024,128
"com.github.marschall.readerbenchmarks.InputStreamReaderBenchmarks.readDirectBuffer","thrpt",1,5,1490.250508,14.154278,"ops/ms",UTF-8,1024,1024
"com.github.marschall.readerbenchmarks.InputStreamReaderBenchmarks.readDirectBuffer:·gc.alloc.rate","thrpt",1,5,2869.319108,27.326839,"MB/sec",UTF-8,1024,1024
"com.github.marschall.readerbenchmarks.InputStreamReaderBenchmarks.readDirectBuffer:·gc.alloc.rate.norm","thrpt",1,5,2120.080198,0.003402,"B/op",UTF-8,1024,1024
"com.github.marschall.readerbenchmarks.InputStreamReaderBenchmarks.readDirectBuffer:·gc.churn.G1_Eden_Space","thrpt",1,5,2875.080320,0.160300,"MB/sec",UTF-8,1024,1024
"com.github.marschall.readerbenchmarks.InputStreamReaderBenchmarks.readDirectBuffer:·gc.churn.G1_Eden_Space.norm","thrpt",1,5,2124.347408,20.182370,"B/op",UTF-8,1024,1024
"com.github.marschall.readerbenchmarks.InputStreamReaderBenchmarks.readDirectBuffer:·gc.churn.G1_Survivor_Space","thrpt",1,5,0.003998,0.006740,"MB/sec",UTF-8,1024,1024
"com.github.marschall.readerbenchmarks.InputStreamReaderBenchmarks.readDirectBuffer:·gc.churn.G1_Survivor_Space.norm","thrpt",1,5,0.002956,0.005011,"B/op",UTF-8,1024,1024
"com.github.marschall.readerbenchmarks.InputStreamReaderBenchmarks.readDirectBuffer:·gc.count","thrpt",1,5,255.000000,NaN,"counts",UTF-8,1024,1024
"com.github.marschall.readerbenchmarks.InputStreamReaderBenchmarks.readDirectBuffer:·gc.time","thrpt",1,5,145.000000,NaN,"ms",UTF-8,1024,1024
"com.github.marschall.readerbenchmarks.InputStreamReaderBenchmarks.readDirectBuffer","thrpt",1,5,1420.324672,3.323069,"ops/ms",UTF-8,1024,1048576
"com.github.marschall.readerbenchmarks.InputStreamReaderBenchmarks.readDirectBuffer:·gc.alloc.rate","thrpt",1,5,2734.656127,6.533946,"MB/sec",UTF-8,1024,1048576
"com.github.marschall.readerbenchmarks.InputStreamReaderBenchmarks.readDirectBuffer:·gc.alloc.rate.norm","thrpt",1,5,2120.080358,0.005671,"B/op",UTF-8,1024,1048576
"com.github.marschall.readerbenchmarks.InputStreamReaderBenchmarks.readDirectBuffer:·gc.churn.G1_Eden_Space","thrpt",1,5,2739.751492,118.921279,"MB/sec",UTF-8,1024,1048576
"com.github.marschall.readerbenchmarks.InputStreamReaderBenchmarks.readDirectBuffer:·gc.churn.G1_Eden_Space.norm","thrpt",1,5,2124.021073,87.899147,"B/op",UTF-8,1024,1048576
"com.github.marschall.readerbenchmarks.InputStreamReaderBenchmarks.readDirectBuffer:·gc.churn.G1_Survivor_Space","thrpt",1,5,0.002887,0.003372,"MB/sec",UTF-8,1024,1048576
"com.github.marschall.readerbenchmarks.InputStreamReaderBenchmarks.readDirectBuffer:·gc.churn.G1_Survivor_Space.norm","thrpt",1,5,0.002238,0.002613,"B/op",UTF-8,1024,1048576
"com.github.marschall.readerbenchmarks.InputStreamReaderBenchmarks.readDirectBuffer:·gc.count","thrpt",1,5,243.000000,NaN,"counts",UTF-8,1024,1048576
"com.github.marschall.readerbenchmarks.InputStreamReaderBenchmarks.readDirectBuffer:·gc.time","thrpt",1,5,146.000000,NaN,"ms",UTF-8,1024,1048576
"com.github.marschall.readerbenchmarks.InputStreamReaderBenchmarks.readDirectBuffer","thrpt",1,5,1.391296,0.006683,"ops/ms",UTF-8,1048576,128
"com.github.marschall.readerbenchmarks.InputStreamReaderBenchmarks.readDirectBuffer:·gc.alloc.rate","thrpt",1,5,29.779611,0.141960,"MB/sec",UTF-8,1048576,128
"com.github.marschall.readerbenchmarks.InputStreamReaderBenchmarks.readDirectBuffer:·gc.alloc.rate.norm","thrpt",1,5,23568.798589,4.030871,"B/op",UTF-8,1048576,128
"com.github.marschall.readerbenchmarks.InputStreamReaderBenchmarks.readDirectBuffer:·gc.churn.G1_Eden_Space","thrpt",1,5,22.548591,118.892212,"MB/sec",UTF-8,1048576,128
"com.github.marschall.readerbenchmarks.InputStreamReaderBenchmarks.readDirectBuffer:·gc.churn.G1_Eden_Space.norm","thrpt",1,5,17847.460894,94104.510562,"B/op",UTF-8,1048576,128
"com.github.marschall.readerbenchmarks.InputStreamReaderBenchmarks.readDirectBuffer:·gc.churn.G1_Survivor_Space","thrpt",1,5,0.001301,0.007130,"MB/sec",UTF-8,1048576,128
"com.github.marschall.readerbenchmarks.InputStreamReaderBenchmarks.readDirectBuffer:·gc.churn.G1_Survivor_Space.norm","thrpt",1,5,1.029611,5.643220,"B/op",UTF-8,1048576,128
"com.github.marschall.readerbenchmarks.InputStreamReaderBenchmarks.readDirectBuffer:·gc.count","thrpt",1,5,2.000000,NaN,"counts",UTF-8,1048576,128
"com.github.marschall.readerbenchmarks.InputStreamReaderBenchmarks.readDirectBuffer:·gc.time","thrpt",1,5,4.000000,NaN,"ms",UTF-8,1048576,128
"com.github.marschall.readerbenchmarks.InputStreamReaderBenchmarks.readDirectBuffer","thrpt",1,5,1.985230,0.004422,"ops/ms",UTF-8,1048576,1024
"com.github.marschall.readerbenchmarks.InputStreamReaderBenchmarks.readDirectBuffer:·gc.alloc.rate","thrpt",1,5,42.492914,0.091004,"MB/sec",UTF-8,1048576,1024
"com.github.marschall.readerbenchmarks.InputStreamReaderBenchmarks.readDirectBuffer:·gc.alloc.rate.norm","thrpt",1,5,23569.095184,2.309845,"B/op",UTF-8,1048576,1024
"com.github.marschall.readerbenchmarks.InputStreamReaderBenchmarks.readDirectBuffer:·gc.churn.G1_Eden_Space","thrpt",1,5,45.097361,97.075470,"MB/sec",UTF-8,1048576,1024
"com.github.marschall.readerbenchmarks.InputStreamReaderBenchmarks.readDirectBuffer:·gc.churn.G1_Eden_Space.norm","thrpt",1,5,25020.120010,53857.695640,"B/op",UTF-8,1048576,1024
"com.github.marschall.readerbenchmarks.InputStreamReaderBenchmarks.readDirectBuffer:·gc.churn.G1_Survivor_Space","thrpt",1,5,0.000722,0.004616,"MB/sec",UTF-8,1048576,1024
"com.github.marschall.readerbenchmarks.InputStreamReaderBenchmarks.readDirectBuffer:·gc.churn.G1_Survivor_Space.norm","thrpt",1,5,0.400741,2.561030,"B/op",UTF-8,1048576,1024
"com.github.marschall.readerbenchmarks.InputStreamReaderBenchmarks.readDirectBuffer:·gc.count","thrpt",1,5,4.000000,NaN,"counts",UTF-8,1048576,1024
"com.github.marschall.readerbenchmarks.InputStreamReaderBenchmarks.readDirectBuffer:·gc.time","thrpt",1,5,7.000000,NaN,"ms",UTF-8,1048576,1024
"com.github.marschall.readerbenchmarks.InputStreamReaderBenchmarks.readDirectBuffer","thrpt",1,5,1.907548,0.012118,"ops/ms",UTF-8,1048576,1048576
"com.github.marschall.readerbenchmarks.InputStreamReaderBenchmarks.readDirectBuffer:·gc.alloc.rate","thrpt",1,5,40.829797,0.263630,"MB/sec",UTF-8,1048576,1048576
"com.github.marschall.readerbenchmarks.InputStreamReaderBenchmarks.readDirectBuffer:·gc.alloc.rate.norm","thrpt",1,5,23569.138723,2.401425,"B/op",UTF-8,1048576,1048576
"com.github.marschall.readerbenchmarks.InputStreamReaderBenchmarks.readDirectBuffer:·gc.churn.G1_Eden_Space","thrpt",1,5,45.096865,97.074401,"MB/sec",UTF-8,1048576,1048576
"com.github.marschall.readerbenchmarks.InputStreamReaderBenchmarks.readDirectBuffer:·gc.churn.G1_Eden_Space.norm","thrpt",1,5,26014.261611,55997.703735,"B/op",UTF-8,1048576,1048576
"com.github.marschall.readerbenchmarks.InputStreamReaderBenchmarks.readDirectBuffer:·gc.churn.G1_Survivor_Space","thrpt",1,5,0.000405,0.002200,"MB/sec",UTF-8,1048576,1048576
"com.github.marschall.readerbenchmarks.InputStreamReaderBenchmarks.readDirectBuffer:·gc.churn.G1_Survivor_Space.norm","thrpt",1,5,0.233476,1.269706,"B/op",UTF-8,1048576,1048576
"com.github.marschall.readerbenchmarks.InputStreamReaderBenchmarks.readDirectBuffer:·gc.count","thrpt",1,5,4.000000,NaN,"counts",UTF-8,1048576,1048576
"com.github.marschall.readerbenchmarks.InputStreamReaderBenchmarks.readDirectBuffer:·gc.time","thrpt",1,5,7.000000,NaN,"ms",UTF-8,1048576,1048576
"com.github.marschall.readerbenchmarks.InputStreamReaderBenchmarks.readHeapBuffer","thrpt",1,5,9074.248912,7.535203,"ops/ms",US-ASCII,128,128
"com.github.marschall.readerbenchmarks.InputStreamReaderBenchmarks.readHeapBuffer:·gc.alloc.rate","thrpt",1,5,461.504553,0.385372,"MB/sec",US-ASCII,128,128
"com.github.marschall.readerbenchmarks.InputStreamReaderBenchmarks.readHeapBuffer:·gc.alloc.rate.norm","thrpt",1,5,56.002388,0.000511,"B/op",US-ASCII,128,128
"com.github.marschall.readerbenchmarks.InputStreamReaderBenchmarks.readHeapBuffer:·gc.churn.G1_Eden_Space","thrpt",1,5,462.261597,97.077659,"MB/sec",US-ASCII,128,128
"com.github.marschall.readerbenchmarks.InputStreamReaderBenchmarks.readHeapBuffer:·gc.churn.G1_Eden_Space.norm","thrpt",1,5,56.093961,11.752275,"B/op",US-ASCII,128,128
"com.github.marschall.readerbenchmarks.InputStreamReaderBenchmarks.readHeapBuffer:·gc.churn.G1_Survivor_Space","thrpt",1,5,0.000879,0.001111,"MB/sec",US-ASCII,128,128
"com.github.marschall.readerbenchmarks.InputStreamReaderBenchmarks.readHeapBuffer:·gc.churn.G1_Survivor_Space.norm","thrpt",1,5,0.000107,0.000135,"B/op",US-ASCII,128,128
"com.github.marschall.readerbenchmarks.InputStreamReaderBenchmarks.readHeapBuffer:·gc.count","thrpt",1,5,41.000000,NaN,"counts",US-ASCII,128,128
"com.github.marschall.readerbenchmarks.InputStreamReaderBenchmarks.readHeapBuffer:·gc.time","thrpt",1,5,27.000000,NaN,"ms",US-ASCII,128,128
"com.github.marschall.readerbenchmarks.InputStreamReaderBenchmarks.readHeapBuffer","thrpt",1,5,10518.494933,47.567945,"ops/ms",US-ASCII,128,1024
"com.github.marschall.readerbenchmarks.InputStreamReaderBenchmarks.readHeapBuffer:·gc.alloc.rate","thrpt",1,5,0.000040,0.000000,"MB/sec",US-ASCII,128,1024
"com.github.marschall.readerbenchmarks.InputStreamReaderBenchmarks.readHeapBuffer:·gc.alloc.rate.norm","thrpt",1,5,0.000004,0.000000,"B/op",US-ASCII,128,1024
"com.github.marschall.readerbenchmarks.InputStreamReaderBenchmarks.readHeapBuffer:·gc.count","thrpt",1,5,0.000000,NaN,"counts",US-ASCII,128,1024
"com.github.marschall.readerbenchmarks.InputStreamReaderBenchmarks.readHeapBuffer","thrpt",1,5,11280.780133,35.744075,"ops/ms",US-ASCII,128,1048576
"com.github.marschall.readerbenchmarks.InputStreamReaderBenchmarks.readHeapBuffer:·gc.alloc.rate","thrpt",1,5,0.000040,0.000000,"MB/sec",US-ASCII,128,1048576
"com.github.marschall.readerbenchmarks.InputStreamReaderBenchmarks.readHeapBuffer:·gc.alloc.rate.norm","thrpt",1,5,0.000004,0.000000,"B/op",US-ASCII,128,1048576
"com.github.marschall.readerbenchmarks.InputStreamReaderBenchmarks.readHeapBuffer:·gc.count","thrpt",1,5,0.000000,NaN,"counts",US-ASCII,128,1048576
"com.github.marschall.readerbenchmarks.InputStreamReaderBenchmarks.readHeapBuffer","thrpt",1,5,1020.140283,28.795305,"ops/ms",US-ASCII,1024,128
"com.github.marschall.readerbenchmarks.InputStreamReaderBenchmarks.readHeapBuffer:·gc.alloc.rate","thrpt",1,5,51.883352,1.465335,"MB/sec",US-ASCII,1024,128
"com.github.marschall.readerbenchmarks.InputStreamReaderBenchmarks.readHeapBuffer:·gc.alloc.rate.norm","thrpt",1,5,56.002651,0.000080,"B/op",US-ASCII,1024,128
"com.github.marschall.readerbenchmarks.InputStreamReaderBenchmarks.readHeapBuffer:·gc.churn.G1_Eden_Space","thrpt",1,5,56.373432,0.002477,"MB/sec",US-ASCII,1024,128
"com.github.marschall.readerbenchmarks.InputStreamReaderBenchmarks.readHeapBuffer:·gc.churn.G1_Eden_Space.norm","thrpt",1,5,60.851858,1.729112,"B/op",US-ASCII,1024,128
"com.github.marschall.readerbenchmarks.InputStreamReaderBenchmarks.readHeapBuffer:·gc.churn.G1_Survivor_Space","thrpt",1,5,0.000797,0.004015,"MB/sec",US-ASCII,1024,128
"com.github.marschall.readerbenchmarks.InputStreamReaderBenchmarks.readHeapBuffer:·gc.churn.G1_Survivor_Space.norm","thrpt",1,5,0.000858,0.004313,"B/op",US-ASCII,1024,128
"com.github.marschall.readerbenchmarks.InputStreamReaderBenchmarks.readHeapBuffer:·gc.count","thrpt",1,5,5.000000,NaN,"counts",US-ASCII,1024,128
"com.github.marschall.readerbenchmarks.InputStreamReaderBenchmarks.readHeapBuffer:·gc.time","thrpt",1,5,8.000000,NaN,"ms",US-ASCII,1024,128
"com.github.marschall.readerbenchmarks.InputStreamReaderBenchmarks.readHeapBuffer","thrpt",1,5,1821.545519,29.236421,"ops/ms",US-ASCII,1024,1024
"com.github.marschall.readerbenchmarks.InputStreamReaderBenchmarks.readHeapBuffer:·gc.alloc.rate","thrpt",1,5,92.642938,1.491951,"MB/sec",US-ASCII,1024,1024
"com.github.marschall.readerbenchmarks.InputStreamReaderBenchmarks.readHeapBuffer:·gc.alloc.rate.norm","thrpt",1,5,56.002639,0.002478,"B/op",US-ASCII,1024,1024
"com.github.marschall.readerbenchmarks.InputStreamReaderBenchmarks.readHeapBuffer:·gc.churn.G1_Eden_Space","thrpt",1,5,101.472951,97.080183,"MB/sec",US-ASCII,1024,1024
"com.github.marschall.readerbenchmarks.InputStreamReaderBenchmarks.readHeapBuffer:·gc.churn.G1_Eden_Space.norm","thrpt",1,5,61.315148,58.356382,"B/op",US-ASCII,1024,1024
"com.github.marschall.readerbenchmarks.InputStreamReaderBenchmarks.readHeapBuffer:·gc.churn.G1_Survivor_Space","thrpt",1,5,0.002968,0.007344,"MB/sec",US-ASCII,1024,1024
"com.github.marschall.readerbenchmarks.InputStreamReaderBenchmarks.readHeapBuffer:·gc.churn.G1_Survivor_Space.norm","thrpt",1,5,0.001791,0.004419,"B/op",US-ASCII,1024,1024
"com.github.marschall.readerbenchmarks.InputStreamReaderBenchmarks.readHeapBuffer:·gc.count","thrpt",1,5,9.000000,NaN,"counts",US-ASCII,1024,1024
"com.github.marschall.readerbenchmarks.InputStreamReaderBenchmarks.readHeapBuffer:·gc.time","thrpt",1,5,14.000000,NaN,"ms",US-ASCII,1024,1024
"com.github.marschall.readerbenchmarks.InputStreamReaderBenchmarks.readHeapBuffer","thrpt",1,5,2286.883474,2.065517,"ops/ms",US-ASCII,1024,1048576
"com.github.marschall.readerbenchmarks.InputStreamReaderBenchmarks.readHeapBuffer:·gc.alloc.rate","thrpt",1,5,0.000040,0.000000,"MB/sec",US-ASCII,1024,1048576
"com.github.marschall.readerbenchmarks.InputStreamReaderBenchmarks.readHeapBuffer:·gc.alloc.rate.norm","thrpt",1,5,0.000019,0.000000,"B/op",US-ASCII,1024,1048576
"com.github.marschall.readerbenchmarks.InputStreamReaderBenchmarks.readHeapBuffer:·gc.count","thrpt",1,5,0.000000,NaN,"counts",US-ASCII,1024,1048576
"com.github.marschall.readerbenchmarks.InputStreamReaderBenchmarks.readHeapBuffer","thrpt",1,5,1.054667,0.001428,"ops/ms",US-ASCII,1048576,128
"com.github.marschall.readerbenchmarks.InputStreamReaderBenchmarks.readHeapBuffer:·gc.alloc.rate","thrpt",1,5,0.053676,0.000073,"MB/sec",US-ASCII,1048576,128
"com.github.marschall.readerbenchmarks.InputStreamReaderBenchmarks.readHeapBuffer:·gc.alloc.rate.norm","thrpt",1,5,56.041109,0.005244,"B/op",US-ASCII,1048576,128
"com.github.marschall.readerbenchmarks.InputStreamReaderBenchmarks.readHeapBuffer:·gc.count","thrpt",1,5,0.000000,NaN,"counts",US-ASCII,1048576,128
"com.github.marschall.readerbenchmarks.InputStreamReaderBenchmarks.readHeapBuffer","thrpt",1,5,1.678902,0.004874,"ops/ms",US-ASCII,1048576,1024
"com.github.marschall.readerbenchmarks.InputStreamReaderBenchmarks.readHeapBuffer:·gc.alloc.rate","thrpt",1,5,0.085425,0.000237,"MB/sec",US-ASCII,1048576,1024
"com.github.marschall.readerbenchmarks.InputStreamReaderBenchmarks.readHeapBuffer:·gc.alloc.rate.norm","thrpt",1,5,56.027446,0.011914,"B/op",US-ASCII,1048576,1024
"com.github.marschall.readerbenchmarks.InputStreamReaderBenchmarks.readHeapBuffer:·gc.count","thrpt",1,5,0.000000,NaN,"counts",US-ASCII,1048576,1024
"com.github.marschall.readerbenchmarks.InputStreamReaderBenchmarks.readHeapBuffer","thrpt",1,5,1.556778,0.003291,"ops/ms",US-ASCII,1048576,1048576
"com.github.marschall.readerbenchmarks.InputStreamReaderBenchmarks.readHeapBuffer:·gc.alloc.rate","thrpt",1,5,0.079213,0.000176,"MB/sec",US-ASCII,1048576,1048576
"com.github.marschall.readerbenchmarks.InputStreamReaderBenchmarks.readHeapBuffer:·gc.alloc.rate.norm","thrpt",1,5,56.028775,0.009459,"B/op",US-ASCII,1048576,1048576
"com.github.marschall.readerbenchmarks.InputStreamReaderBenchmarks.readHeapBuffer:·gc.count","thrpt",1,5,0.000000,NaN,"counts",US-ASCII,1048576,1048576
"com.github.marschall.readerbenchmarks.InputStreamReaderBenchmarks.readHeapBuffer","thrpt",1,5,10170.747106,30.870497,"ops/ms",ISO-8859-1,128,128
"com.github.marschall.readerbenchmarks.InputStreamReaderBenchmarks.readHeapBuffer:·gc.alloc.rate","thrpt",1,5,0.000040,0.000000,"MB/sec",ISO-8859-1,128,128
"com.github.marschall.readerbenchmarks.InputStreamReaderBenchmarks.readHeapBuffer:·gc.alloc.rate.norm","thrpt",1,5,0.000004,0.000000,"B/op",ISO-8859-1,128,128
"com.github.marschall.readerbenchmarks.InputStreamReaderBenchmarks.readHeapBuffer:·gc.count","thrpt",1,5,0.000000,NaN,"counts",ISO-8859-1,128,128
"com.github.marschall.readerbenchmarks.InputStreamReaderBenchmarks.readHeapBuffer","thrpt",1,5,13166.355113,18.081485,"ops/ms",ISO-8859-1,128,1024
"com.github.marschall.readerbenchmarks.InputStreamReaderBenchmarks.readHeapBuffer:·gc.alloc.rate","thrpt",1,5,0.000040,0.000000,"MB/sec",ISO-8859-1,128,1024
"com.github.marschall.readerbenchmarks.InputStreamReaderBenchmarks.readHeapBuffer:·gc.alloc.rate.norm","thrpt",1,5,0.000003,0.000000,"B/op",ISO-8859-1,128,1024
"com.github.marschall.readerbenchmarks.InputStreamReaderBenchmarks.readHeapBuffer:·gc.count","thrpt",1,5,0.000000,NaN,"counts",ISO-8859-1,128,1024
"com.github.marschall.readerbenchmarks.InputStreamReaderBenchmarks.readHeapBuffer","thrpt",1,5,13187.843385,10.396821,"ops/ms",ISO-8859-1,128,1048576
"com.github.marschall.readerbenchmarks.InputStreamReaderBenchmarks.readHeapBuffer:·gc.alloc.rate","thrpt",1,5,0.000040,0.000000,"MB/sec",ISO-8859-1,128,1048576
"com.github.marschall.readerbenchmarks.InputStreamReaderBenchmarks.readHeapBuffer:·gc.alloc.rate.norm","thrpt",1,5,0.000003,0.000000,"B/op",ISO-8859-1,128,1048576
"com.github.marschall.readerbenchmarks.InputStreamReaderBenchmarks.readHeapBuffer:·gc.count","thrpt",1,5,0.000000,NaN,"counts",ISO-8859-1,128,1048576
"com.github.marschall.readerbenchmarks.InputStreamReaderBenchmarks.readHeapBuffer","thrpt",1,5,961.138935,1.110209,"ops/ms",ISO-8859-1,1024,128
"com.github.marschall.readerbenchmarks.InputStreamReaderBenchmarks.readHeapBuffer:·gc.alloc.rate","thrpt",1,5,0.000040,0.000000,"MB/sec",ISO-8859-1,1024,128
"com.github.marschall.readerbenchmarks.InputStreamReaderBenchmarks.readHeapBuffer:·gc.alloc.rate.norm","thrpt",1,5,0.000046,0.000000,"B/op",ISO-8859-1,1024,128
"com.github.marschall.readerbenchmarks.InputStreamReaderBenchmarks.readHeapBuffer:·gc.count","thrpt",1,5,0.000000,NaN,"counts",ISO-8859-1,1024,128
"com.github.marschall.readerbenchmarks.InputStreamReaderBenchmarks.readHeapBuffer","thrpt",1,5,2479.206396,33.898019,"ops/ms",ISO-8859-1,1024,1024
"com.github.marschall.readerbenchmarks.InputStreamReaderBenchmarks.readHeapBuffer:·gc.alloc.rate","thrpt",1,5,126.090071,1.730119,"MB/sec",ISO-8859-1,1024,1024
"com.github.marschall.readerbenchmarks.InputStreamReaderBenchmarks.readHeapBuffer:·gc.alloc.rate.norm","thrpt",1,5,56.002642,0.002610,"B/op",ISO-8859-1,1024,1024
"com.github.marschall.readerbenchmarks.InputStreamReaderBenchmarks.readHeapBuffer:·gc.churn.G1_Eden_Space","thrpt",1,5,124.021140,97.084936,"MB/sec",ISO-8859-1,1024,1024
"com.github.marschall.readerbenchmarks.InputStreamReaderBenchmarks.readHeapBuffer:·gc.churn.G1_Eden_Space.norm","thrpt",1,5,55.063295,42.491012,"B/op",ISO-8859-1,1024,1024
"com.github.marschall.readerbenchmarks.InputStreamReaderBenchmarks.readHeapBuffer:·gc.churn.G1_Survivor_Space","thrpt",1,5,0.031855,0.256742,"MB/sec",ISO-8859-1,1024,1024
"com.github.marschall.readerbenchmarks.InputStreamReaderBenchmarks.readHeapBuffer:·gc.churn.G1_Survivor_Space.norm","thrpt",1,5,0.014153,0.114057,"B/op",ISO-8859-1,1024,1024
"com.github.marschall.readerbenchmarks.InputStreamReaderBenchmarks.readHeapBuffer:·gc.count","thrpt",1,5,11.000000,NaN,"counts",ISO-8859-1,1024,1024
"com.github.marschall.readerbenchmarks.InputStreamReaderBenchmarks.readHeapBuffer:·gc.time","thrpt",1,5,15.000000,NaN,"ms",ISO-8859-1,1024,1024
"com.github.marschall.readerbenchmarks.InputStreamReaderBenchmarks.readHeapBuffer","thrpt",1,5,2614.824522,5.237332,"ops/ms",ISO-8859-1,1024,1048576
"com.github.marschall.readerbenchmarks.InputStreamReaderBenchmarks.readHeapBuffer:·gc.alloc.rate","thrpt",1,5,0.000040,0.000000,"MB/sec",ISO-8859-1,1024,1048576
"com.github.marschall.readerbenchmarks.InputStreamReaderBenchmarks.readHeapBuffer:·gc.alloc.rate.norm","thrpt",1,5,0.000017,0.000000,"B/op",ISO-8859-1,1024,1048576
"com.github.marschall.readerbenchmarks.InputStreamReaderBenchmarks.readHeapBuffer:·gc.count","thrpt",1,5,0.000000,NaN,"counts",ISO-8859-1,1024,1048576
"com.github.marschall.readerbenchmarks.InputStreamReaderBenchmarks.readHeapBuffer","thrpt",1,5,1.197046,0.001494,"ops/ms",ISO-8859-1,1048576,128
"com.github.marschall.readerbenchmarks.InputStreamReaderBenchmarks.readHeapBuffer:·gc.alloc.rate","thrpt",1,5,0.060915,0.000076,"MB/sec",ISO-8859-1,1048576,128
"com.github.marschall.readerbenchmarks.InputStreamReaderBenchmarks.readHeapBuffer:·gc.alloc.rate.norm","thrpt",1,5,56.035152,0.005638,"B/op",ISO-8859-1,1048576,128
"com.github.marschall.readerbenchmarks.InputStreamReaderBenchmarks.readHeapBuffer:·gc.count","thrpt",1,5,0.000000,NaN,"counts",ISO-8859-1,1048576,128
"com.github.marschall.readerbenchmarks.InputStreamReaderBenchmarks.readHeapBuffer","thrpt",1,5,1.496594,0.003586,"ops/ms",ISO-8859-1,1048576,1024
"com.github.marschall.readerbenchmarks.InputStreamReaderBenchmarks.readHeapBuffer:·gc.alloc.rate","thrpt",1,5,0.076152,0.000176,"MB/sec",ISO-8859-1,1048576,1024
"com.github.marschall.readerbenchmarks.InputStreamReaderBenchmarks.readHeapBuffer:·gc.alloc.rate.norm","thrpt",1,5,56.029506,0.010966,"B/op",ISO-8859-1,1048576,1024
"com.github.marschall.readerbenchmarks.InputStreamReaderBenchmarks.readHeapBuffer:·gc.count","thrpt",1,5,0.000000,NaN,"counts",ISO-8859-1,1048576,1024
"com.github.marschall.readerbenchmarks.InputStreamReaderBenchmarks.readHeapBuffer","thrpt",1,5,1.552084,0.002079,"ops/ms",ISO-8859-1,1048576,1048576
"com.github.marschall.readerbenchmarks.InputStreamReaderBenchmarks.readHeapBuffer:·gc.alloc.rate","thrpt",1,5,0.078977,0.000110,"MB/sec",ISO-8859-1,1048576,1048576
"com.github.marschall.readerbenchmarks.InputStreamReaderBenchmarks.readHeapBuffer:·gc.alloc.rate.norm","thrpt",1,5,56.030512,0.010536,"B/op",ISO-8859-1,1048576,1048576
"com.github.marschall.readerbenchmarks.InputStreamReaderBenchmarks.readHeapBuffer:·gc.count","thrpt",1,5,0.000000,NaN,"counts",ISO-8859-1,1048576,1048576
"com.github.marschall.readerbenchmarks.InputStreamReaderBenchmarks.readHeapBuffer","thrpt",1,5,9659.055673,15.651824,"ops/ms",UTF-8,128,128
"com.github.marschall.readerbenchmarks.InputStreamReaderBenchmarks.readHeapBuffer:·gc.alloc.rate","thrpt",1,5,491.254758,0.774289,"MB/sec",UTF-8,128,128
"com.github.marschall.readerbenchmarks.InputStreamReaderBenchmarks.readHeapBuffer:·gc.alloc.rate.norm","thrpt",1,5,56.002407,0.000454,"B/op",UTF-8,128,128
"com.github.marschall.readerbenchmarks.InputStreamReaderBenchmarks.readHeapBuffer:·gc.churn.G1_Eden_Space","thrpt",1,5,496.091448,97.068585,"MB/sec",UTF-8,128,128
"com.github.marschall.readerbenchmarks.InputStreamReaderBenchmarks.readHeapBuffer:·gc.churn.G1_Eden_Space.norm","thrpt",1,5,56.553165,11.010590,"B/op",UTF-8,128,128
"com.github.marschall.readerbenchmarks.InputStreamReaderBenchmarks.readHeapBuffer:·gc.churn.G1_Survivor_Space","thrpt",1,5,0.001060,0.002044,"MB/sec",UTF-8,128,128
"com.github.marschall.readerbenchmarks.InputStreamReaderBenchmarks.readHeapBuffer:·gc.churn.G1_Survivor_Space.norm","thrpt",1,5,0.000121,0.000233,"B/op",UTF-8,128,128
"com.github.marschall.readerbenchmarks.InputStreamReaderBenchmarks.readHeapBuffer:·gc.count","thrpt",1,5,44.000000,NaN,"counts",UTF-8,128,128
"com.github.marschall.readerbenchmarks.InputStreamReaderBenchmarks.readHeapBuffer:·gc.time","thrpt",1,5,29.000000,NaN,"ms",UTF-8,128,128
"com.github.marschall.readerbenchmarks.InputStreamReaderBenchmarks.readHeapBuffer","thrpt",1,5,11308.651055,29.983038,"ops/ms",UTF-8,128,1024
"com.github.marschall.readerbenchmarks.InputStreamReaderBenchmarks.readHeapBuffer:·gc.alloc.rate","thrpt",1,5,575.139258,1.515049,"MB/sec",UTF-8,128,1024
"com.github.marschall.readerbenchmarks.InputStreamReaderBenchmarks.readHeapBuffer:·gc.alloc.rate.norm","thrpt",1,5,56.002370,0.000430,"B/op",UTF-8,128,1024
"com.github.marschall.readerbenchmarks.InputStreamReaderBenchmarks.readHeapBuffer:·gc.churn.G1_Eden_Space","thrpt",1,5,575.003300,97.083618,"MB/sec",UTF-8,128,1024
"com.github.marschall.readerbenchmarks.InputStreamReaderBenchmarks.readHeapBuffer:·gc.churn.G1_Eden_Space.norm","thrpt",1,5,55.989386,9.481483,"B/op",UTF-8,128,1024
"com.github.marschall.readerbenchmarks.InputStreamReaderBenchmarks.readHeapBuffer:·gc.churn.G1_Survivor_Space","thrpt",1,5,0.001257,0.001682,"MB/sec",UTF-8,128,1024
"com.github.marschall.readerbenchmarks.InputStreamReaderBenchmarks.readHeapBuffer:·gc.churn.G1_Survivor_Space.norm","thrpt",1,5,0.000122,0.000164,"B/op",UTF-8,128,1024
"com.github.marschall.readerbenchmarks.InputStreamReaderBenchmarks.readHeapBuffer:·gc.count","thrpt",1,5,51.000000,NaN,"counts",UTF-8,128,1024
"com.github.marschall.readerbenchmarks.InputStreamReaderBenchmarks.readHeapBuffer:·gc.time","thrpt",1,5,37.000000,NaN,"ms",UTF-8,128,1024
"com.github.marschall.readerbenchmarks.InputStreamReaderBenchmarks.readHeapBuffer","thrpt",1,5,10638.381688,25.386087,"ops/ms",UTF-8,128,1048576
"com.github.marschall.readerbenchmarks.InputStreamReaderBenchmarks.readHeapBuffer:·gc.alloc.rate","thrpt",1,5,541.051511,1.316260,"MB/sec",UTF-8,128,1048576
"com.github.marschall.readerbenchmarks.InputStreamReaderBenchmarks.readHeapBuffer:·gc.alloc.rate.norm","thrpt",1,5,56.002385,0.000522,"B/op",UTF-8,128,1048576
"com.github.marschall.readerbenchmarks.InputStreamReaderBenchmarks.readHeapBuffer:·gc.churn.G1_Eden_Space","thrpt",1,5,541.178810,118.846195,"MB/sec",UTF-8,128,1048576
"com.github.marschall.readerbenchmarks.InputStreamReaderBenchmarks.readHeapBuffer:·gc.churn.G1_Eden_Space.norm","thrpt",1,5,56.015822,12.322229,"B/op",UTF-8,128,1048576
"com.github.marschall.readerbenchmarks.InputStreamReaderBenchmarks.readHeapBuffer:·gc.churn.G1_Survivor_Space","thrpt",1,5,0.001373,0.001374,"MB/sec",UTF-8,128,1048576
"com.github.marschall.readerbenchmarks.InputStreamReaderBenchmarks.readHeapBuffer:·gc.churn.G1_Survivor_Space.norm","thrpt",1,5,0.000142,0.000142,"B/op",UTF-8,128,1048576
"com.github.marschall.readerbenchmarks.InputStreamReaderBenchmarks.readHeapBuffer:·gc.count","thrpt",1,5,48.000000,NaN,"counts",UTF-8,128,1048576
"com.github.marschall.readerbenchmarks.InputStreamReaderBenchmarks.readHeapBuffer:·gc.time","thrpt",1,5,34.000000,NaN,"ms",UTF-8,128,1048576
"com.github.marschall.readerbenchmarks.InputStreamReaderBenchmarks.readHeapBuffer","thrpt",1,5,1555.904750,55.786411,"ops/ms",UTF-8,1024,128
"com.github.marschall.readerbenchmarks.InputStreamReaderBenchmarks.readHeapBuffer:·gc.alloc.rate","thrpt",1,5,79.132278,2.835472,"MB/sec",UTF-8,1024,128
"com.github.marschall.readerbenchmarks.InputStreamReaderBenchmarks.readHeapBuffer:·gc.alloc.rate.norm","thrpt",1,5,56.002413,0.003547,"B/op",UTF-8,1024,128
"com.github.marschall.readerbenchmarks.InputStreamReaderBenchmarks.readHeapBuffer:·gc.churn.G1_Eden_Space","thrpt",1,5,78.923260,118.894754,"MB/sec",UTF-8,1024,128
"com.github.marschall.readerbenchmarks.InputStreamReaderBenchmarks.readHeapBuffer:·gc.churn.G1_Eden_Space.norm","thrpt",1,5,55.824245,83.680589,"B/op",UTF-8,1024,128
"com.github.marschall.readerbenchmarks.InputStreamReaderBenchmarks.readHeapBuffer:·gc.churn.G1_Survivor_Space","thrpt",1,5,0.002055,0.009969,"MB/sec",UTF-8,1024,128
"com.github.marschall.readerbenchmarks.InputStreamReaderBenchmarks.readHeapBuffer:·gc.churn.G1_Survivor_Space.norm","thrpt",1,5,0.001448,0.006989,"B/op",UTF-8,1024,128
"com.github.marschall.readerbenchmarks.InputStreamReaderBenchmarks.readHeapBuffer:·gc.count","thrpt",1,5,7.000000,NaN,"counts",UTF-8,1024,128
"com.github.marschall.readerbenchmarks.InputStreamReaderBenchmarks.readHeapBuffer:·gc.time","thrpt",1,5,11.000000,NaN,"ms",UTF-8,1024,128
"com.github.marschall.readerbenchmarks.InputStreamReaderBenchmarks.readHeapBuffer","thrpt",1,5,2376.268562,26.997944,"ops/ms",UTF-8,1024,1024
"com.github.marschall.readerbenchmarks.InputStreamReaderBenchmarks.readHeapBuffer:·gc.alloc.rate","thrpt",1,5,120.854264,1.366458,"MB/sec",UTF-8,1024,1024
"com.github.marschall.readerbenchmarks.InputStreamReaderBenchmarks.readHeapBuffer:·gc.alloc.rate.norm","thrpt",1,5,56.002757,0.002747,"B/op",UTF-8,1024,1024
"com.github.marschall.readerbenchmarks.InputStreamReaderBenchmarks.readHeapBuffer:·gc.churn.G1_Eden_Space","thrpt",1,5,124.019519,97.050490,"MB/sec",UTF-8,1024,1024
"com.github.marschall.readerbenchmarks.InputStreamReaderBenchmarks.readHeapBuffer:·gc.churn.G1_Eden_Space.norm","thrpt",1,5,57.463681,44.788718,"B/op",UTF-8,1024,1024
"com.github.marschall.readerbenchmarks.InputStreamReaderBenchmarks.readHeapBuffer:·gc.churn.G1_Survivor_Space","thrpt",1,5,0.033872,0.224653,"MB/sec",UTF-8,1024,1024
"com.github.marschall.readerbenchmarks.InputStreamReaderBenchmarks.readHeapBuffer:·gc.churn.G1_Survivor_Space.norm","thrpt",1,5,0.015714,0.104274,"B/op",UTF-8,1024,1024
"com.github.marschall.readerbenchmarks.InputStreamReaderBenchmarks.readHeapBuffer:·gc.count","thrpt",1,5,11.000000,NaN,"counts",UTF-8,1024,1024
"com.github.marschall.readerbenchmarks.InputStreamReaderBenchmarks.readHeapBuffer:·gc.time","thrpt",1,5,16.000000,NaN,"ms",UTF-8,1024,1024
"com.github.marschall.readerbenchmarks.InputStreamReaderBenchmarks.readHeapBuffer","thrpt",1,5,2181.863753,7.310344,"ops/ms",UTF-8,1024,1048576
"com.github.marschall.readerbenchmarks.InputStreamReaderBenchmarks.readHeapBuffer:·gc.alloc.rate","thrpt",1,5,110.968503,0.365651,"MB/sec",UTF-8,1024,1048576
"com.github.marschall.readerbenchmarks.InputStreamReaderBenchmarks.readHeapBuffer:·gc.alloc.rate.norm","thrpt",1,5,56.002762,0.002723,"B/op",UTF-8,1024,1048576
"com.github.marschall.readerbenchmarks.InputStreamReaderBenchmarks.readHeapBuffer:·gc.churn.G1_Eden_Space","thrpt",1,5,112.747303,0.008273,"MB/sec",UTF-8,1024,1048576
"com.github.marschall.readerbenchmarks.InputStreamReaderBenchmarks.readHeapBuffer:·gc.churn.G1_Eden_Space.norm","thrpt",1,5,56.900508,0.191357,"B/op",UTF-8,1024,1048576
"com.github.marschall.readerbenchmarks.InputStreamReaderBenchmarks.readHeapBuffer:·gc.churn.G1_Survivor_Space","thrpt",1,5,0.031365,0.244841,"MB/sec",UTF-8,1024,1048576
"com.github.marschall.readerbenchmarks.InputStreamReaderBenchmarks.readHeapBuffer:·gc.churn.G1_Survivor_Space.norm","thrpt",1,5,0.015829,0.123557,"B/op",UTF-8,1024,1048576
"com.github.marschall.readerbenchmarks.InputStreamReaderBenchmarks.readHeapBuffer:·gc.count","thrpt",1,5,10.000000,NaN,"counts",UTF-8,1024,1048576
"com.github.marschall.readerbenchmarks.InputStreamReaderBenchmarks.readHeapBuffer:·gc.time","thrpt",1,5,16.000000,NaN,"ms",UTF-8,1024,1048576
"com.github.marschall.readerbenchmarks.InputStreamReaderBenchmarks.readHeapBuffer","thrpt",1,5,1.619527,0.008973,"ops/ms",UTF-8,1048576,128
"com.github.marschall.readerbenchmarks.InputStreamReaderBenchmarks.readHeapBuffer:·gc.alloc.rate","thrpt",1,5,0.082405,0.000435,"MB/sec",UTF-8,1048576,128
"com.github.marschall.readerbenchmarks.InputStreamReaderBenchmarks.readHeapBuffer:·gc.alloc.rate.norm","thrpt",1,5,56.028061,0.016763,"B/op",UTF-8,1048576,128
"com.github.marschall.readerbenchmarks.InputStreamReaderBenchmarks.readHeapBuffer:·gc.count","thrpt",1,5,0.000000,NaN,"counts",UTF-8,1048576,128
"com.github.marschall.readerbenchmarks.InputStreamReaderBenchmarks.readHeapBuffer","thrpt",1,5,2.381556,0.003643,"ops/ms",UTF-8,1048576,1024
"com.github.marschall.readerbenchmarks.InputStreamReaderBenchmarks.readHeapBuffer:·gc.alloc.rate","thrpt",1,5,0.121159,0.000197,"MB/sec",UTF-8,1048576,1024
"com.github.marschall.readerbenchmarks.InputStreamReaderBenchmarks.readHeapBuffer:·gc.alloc.rate.norm","thrpt",1,5,56.018810,0.006183,"B/op",UTF-8,1048576,1024
"com.github.marschall.readerbenchmarks.InputStreamReaderBenchmarks.readHeapBuffer:·gc.count","thrpt",1,5,0.000000,NaN,"counts",UTF-8,1048576,1024
"com.github.marschall.readerbenchmarks.InputStreamReaderBenchmarks.readHeapBuffer","thrpt",1,5,2.040186,0.002154,"ops/ms",UTF-8,1048576,1048576
"com.github.marschall.readerbenchmarks.InputStreamReaderBenchmarks.readHeapBuffer:·gc.alloc.rate","thrpt",1,5,0.103798,0.000119,"MB/sec",UTF-8,1048576,1048576
"com.github.marschall.readerbenchmarks.InputStreamReaderBenchmarks.readHeapBuffer:·gc.alloc.rate.norm","thrpt",1,5,56.021958,0.010560,"B/op",UTF-8,1048576,1048576
"com.github.marschall.readerbenchmarks.InputStreamReaderBenchmarks.readHeapBuffer:·gc.count","thrpt",1,5,0.000000,NaN,"counts",UTF-8,1048576,1048576
"com.github.marschall.readerbenchmarks.ReaderBenchmarks.readDirectBuffer","thrpt",1,5,13012.112048,136.662504,"ops/ms",,128,128
"com.github.marschall.readerbenchmarks.ReaderBenchmarks.readDirectBuffer:·gc.alloc.rate","thrpt",1,5,3214.400277,33.582445,"MB/sec",,128,128
"com.github.marschall.readerbenchmarks.ReaderBenchmarks.readDirectBuffer:·gc.alloc.rate.norm","thrpt",1,5,272.010213,0.000498,"B/op",,128,128
"com.github.marschall.readerbenchmarks.ReaderBenchmarks.readDirectBuffer:·gc.churn.G1_Eden_Space","thrpt",1,5,3213.331680,0.244073,"MB/sec",,128,128
"com.github.marschall.readerbenchmarks.ReaderBenchmarks.readDirectBuffer:·gc.churn.G1_Eden_Space.norm","thrpt",1,5,271.921399,2.861266,"B/op",,128,128
"com.github.marschall.readerbenchmarks.ReaderBenchmarks.readDirectBuffer:·gc.churn.G1_Survivor_Space","thrpt",1,5,0.003694,0.002993,"MB/sec",,128,128
"com.github.marschall.readerbenchmarks.ReaderBenchmarks.readDirectBuffer:·gc.churn.G1_Survivor_Space.norm","thrpt",1,5,0.000312,0.000251,"B/op",,128,128
"com.github.marschall.readerbenchmarks.ReaderBenchmarks.readDirectBuffer:·gc.count","thrpt",1,5,285.000000,NaN,"counts",,128,128
"com.github.marschall.readerbenchmarks.ReaderBenchmarks.readDirectBuffer:·gc.time","thrpt",1,5,157.000000,NaN,"ms",,128,128
"com.github.marschall.readerbenchmarks.ReaderBenchmarks.readDirectBuffer","thrpt",1,5,13012.799156,540.337432,"ops/ms",,128,1024
"com.github.marschall.readerbenchmarks.ReaderBenchmarks.readDirectBuffer:·gc.alloc.rate","thrpt",1,5,3214.565373,133.397147,"MB/sec",,128,1024
"com.github.marschall.readerbenchmarks.ReaderBenchmarks.readDirectBuffer:·gc.alloc.rate.norm","thrpt",1,5,272.010211,0.000402,"B/op",,128,1024
"com.github.marschall.readerbenchmarks.ReaderBenchmarks.readDirectBuffer:·gc.churn.G1_Eden_Space","thrpt",1,5,3213.316023,153.438940,"MB/sec",,128,1024
"com.github.marschall.readerbenchmarks.ReaderBenchmarks.readDirectBuffer:·gc.churn.G1_Eden_Space.norm","thrpt",1,5,271.907085,8.154181,"B/op",,128,1024
"com.github.marschall.readerbenchmarks.ReaderBenchmarks.readDirectBuffer:·gc.churn.G1_Survivor_Space","thrpt",1,5,0.003815,0.005708,"MB/sec",,128,1024
"com.github.marschall.readerbenchmarks.ReaderBenchmarks.readDirectBuffer:·gc.churn.G1_Survivor_Space.norm","thrpt",1,5,0.000323,0.000481,"B/op",,128,1024
"com.github.marschall.readerbenchmarks.ReaderBenchmarks.readDirectBuffer:·gc.count","thrpt",1,5,285.000000,NaN,"counts",,128,1024
"com.github.marschall.readerbenchmarks.ReaderBenchmarks.readDirectBuffer:·gc.time","thrpt",1,5,163.000000,NaN,"ms",,128,1024
"com.github.marschall.readerbenchmarks.ReaderBenchmarks.readDirectBuffer","thrpt",1,5,13263.150235,23.718231,"ops/ms",,128,1048576
"com.github.marschall.readerbenchmarks.ReaderBenchmarks.readDirectBuffer:·gc.alloc.rate","thrpt",1,5,3276.436294,5.894647,"MB/sec",,128,1048576
"com.github.marschall.readerbenchmarks.ReaderBenchmarks.readDirectBuffer:·gc.alloc.rate.norm","thrpt",1,5,272.010226,0.000555,"B/op",,128,1048576
"com.github.marschall.readerbenchmarks.ReaderBenchmarks.readDirectBuffer:·gc.churn.G1_Eden_Space","thrpt",1,5,3281.006764,97.186624,"MB/sec",,128,1048576
"com.github.marschall.readerbenchmarks.ReaderBenchmarks.readDirectBuffer:·gc.churn.G1_Eden_Space.norm","thrpt",1,5,272.389488,7.938373,"B/op",,128,1048576
"com.github.marschall.readerbenchmarks.ReaderBenchmarks.readDirectBuffer:·gc.churn.G1_Survivor_Space","thrpt",1,5,0.004182,0.006614,"MB/sec",,128,1048576
"com.github.marschall.readerbenchmarks.ReaderBenchmarks.readDirectBuffer:·gc.churn.G1_Survivor_Space.norm","thrpt",1,5,0.000347,0.000550,"B/op",,128,1048576
"com.github.marschall.readerbenchmarks.ReaderBenchmarks.readDirectBuffer:·gc.count","thrpt",1,5,291.000000,NaN,"counts",,128,1048576
"com.github.marschall.readerbenchmarks.ReaderBenchmarks.readDirectBuffer:·gc.time","thrpt",1,5,159.000000,NaN,"ms",,128,1048576
"com.github.marschall.readerbenchmarks.ReaderBenchmarks.readDirectBuffer","thrpt",1,5,1658.300360,2.945727,"ops/ms",,1024,128
"com.github.marschall.readerbenchmarks.ReaderBenchmarks.readDirectBuffer:·gc.alloc.rate","thrpt",1,5,3108.542416,5.562624,"MB/sec",,1024,128
"com.github.marschall.readerbenchmarks.ReaderBenchmarks.readDirectBuffer:·gc.alloc.rate.norm","thrpt",1,5,2064.077730,0.004174,"B/op",,1024,128
"com.github.marschall.readerbenchmarks.ReaderBenchmarks.readDirectBuffer:·gc.churn.G1_Eden_Space","thrpt",1,5,3111.853232,97.233738,"MB/sec",,1024,128
"com.github.marschall.readerbenchmarks.ReaderBenchmarks.readDirectBuffer:·gc.churn.G1_Eden_Space.norm","thrpt",1,5,2066.272514,62.253561,"B/op",,1024,128
"com.github.marschall.readerbenchmarks.ReaderBenchmarks.readDirectBuffer:·gc.churn.G1_Survivor_Space","thrpt",1,5,0.003202,0.003135,"MB/sec",,1024,128
"com.github.marschall.readerbenchmarks.ReaderBenchmarks.readDirectBuffer:·gc.churn.G1_Survivor_Space.norm","thrpt",1,5,0.002126,0.002083,"B/op",,1024,128
"com.github.marschall.readerbenchmarks.ReaderBenchmarks.readDirectBuffer:·gc.count","thrpt",1,5,276.000000,NaN,"counts",,1024,128
"com.github.marschall.readerbenchmarks.ReaderBenchmarks.readDirectBuffer:·gc.time","thrpt",1,5,160.000000,NaN,"ms",,1024,128
"com.github.marschall.readerbenchmarks.ReaderBenchmarks.readDirectBuffer","thrpt",1,5,3875.689877,37.620419,"ops/ms",,1024,1024
"com.github.marschall.readerbenchmarks.ReaderBenchmarks.readDirectBuffer:·gc.alloc.rate","thrpt",1,5,7265.044700,70.426870,"MB/sec",,1024,1024
"com.github.marschall.readerbenchmarks.ReaderBenchmarks.readDirectBuffer:·gc.alloc.rate.norm","thrpt",1,5,2064.053798,0.001852,"B/op",,1024,1024
"com.github.marschall.readerbenchmarks.ReaderBenchmarks.readDirectBuffer:·gc.churn.G1_Eden_Space","thrpt",1,5,7283.867861,139.228808,"MB/sec",,1024,1024
"com.github.marschall.readerbenchmarks.ReaderBenchmarks.readDirectBuffer:·gc.churn.G1_Eden_Space.norm","thrpt",1,5,2069.406601,39.266266,"B/op",,1024,1024
"com.github.marschall.readerbenchmarks.ReaderBenchmarks.readDirectBuffer:·gc.churn.G1_Survivor_Space","thrpt",1,5,0.004682,0.007265,"MB/sec",,1024,1024
"com.github.marschall.readerbenchmarks.ReaderBenchmarks.readDirectBuffer:·gc.churn.G1_Survivor_Space.norm","thrpt",1,5,0.001330,0.002061,"B/op",,1024,1024
"com.github.marschall.readerbenchmarks.ReaderBenchmarks.readDirectBuffer:·gc.count","thrpt",1,5,451.000000,NaN,"counts",,1024,1024
"com.github.marschall.readerbenchmarks.ReaderBenchmarks.readDirectBuffer:·gc.time","thrpt",1,5,241.000000,NaN,"ms",,1024,1024
"com.github.marschall.readerbenchmarks.ReaderBenchmarks.readDirectBuffer","thrpt",1,5,3802.627335,9.604231,"ops/ms",,1024,1048576
"com.github.marschall.readerbenchmarks.ReaderBenchmarks.readDirectBuffer:·gc.alloc.rate","thrpt",1,5,7127.985757,17.680906,"MB/sec",,1024,1048576
"com.github.marschall.readerbenchmarks.ReaderBenchmarks.readDirectBuffer:·gc.alloc.rate.norm","thrpt",1,5,2064.049544,0.002340,"B/op",,1024,1048576
"com.github.marschall.readerbenchmarks.ReaderBenchmarks.readDirectBuffer:·gc.churn.G1_Eden_Space","thrpt",1,5,7131.275425,184.705404,"MB/sec",,1024,1048576
"com.github.marschall.readerbenchmarks.ReaderBenchmarks.readDirectBuffer:·gc.churn.G1_Eden_Space.norm","thrpt",1,5,2065.001610,52.861395,"B/op",,1024,1048576
"com.github.marschall.readerbenchmarks.ReaderBenchmarks.readDirectBuffer:·gc.churn.G1_Survivor_Space","thrpt",1,5,0.004582,0.010758,"MB/sec",,1024,1048576
"com.github.marschall.readerbenchmarks.ReaderBenchmarks.readDirectBuffer:·gc.churn.G1_Survivor_Space.norm","thrpt",1,5,0.001327,0.003116,"B/op",,1024,1048576
"com.github.marschall.readerbenchmarks.ReaderBenchmarks.readDirectBuffer:·gc.count","thrpt",1,5,407.000000,NaN,"counts",,1024,1048576
"com.github.marschall.readerbenchmarks.ReaderBenchmarks.readDirectBuffer:·gc.time","thrpt",1,5,225.000000,NaN,"ms",,1024,1048576
"com.github.marschall.readerbenchmarks.ReaderBenchmarks.readDirectBuffer","thrpt",1,5,2.273863,0.028308,"ops/ms",,1048576,128
"com.github.marschall.readerbenchmarks.ReaderBenchmarks.readDirectBuffer:·gc.alloc.rate","thrpt",1,5,33.867862,0.421875,"MB/sec",,1048576,128
"com.github.marschall.readerbenchmarks.ReaderBenchmarks.readDirectBuffer:·gc.alloc.rate.norm","thrpt",1,5,16400.721590,2.462927,"B/op",,1048576,128
"com.github.marschall.readerbenchmarks.ReaderBenchmarks.readDirectBuffer:·gc.churn.G1_Eden_Space","thrpt",1,5,33.822968,118.892499,"MB/sec",,1048576,128
"com.github.marschall.readerbenchmarks.ReaderBenchmarks.readDirectBuffer:·gc.churn.G1_Eden_Space.norm","thrpt",1,5,16381.333010,57583.218159,"B/op",,1048576,128
"com.github.marschall.readerbenchmarks.ReaderBenchmarks.readDirectBuffer:·gc.churn.G1_Survivor_Space","thrpt",1,5,0.001234,0.010627,"MB/sec",,1048576,128
"com.github.marschall.readerbenchmarks.ReaderBenchmarks.readDirectBuffer:·gc.churn.G1_Survivor_Space.norm","thrpt",1,5,0.597590,5.145433,"B/op",,1048576,128
"com.github.marschall.readerbenchmarks.ReaderBenchmarks.readDirectBuffer:·gc.count","thrpt",1,5,3.000000,NaN,"counts",,1048576,128
"com.github.marschall.readerbenchmarks.ReaderBenchmarks.readDirectBuffer:·gc.time","thrpt",1,5,5.000000,NaN,"ms",,1048576,128
"com.github.marschall.readerbenchmarks.ReaderBenchmarks.readDirectBuffer","thrpt",1,5,7.158417,0.026879,"ops/ms",,1048576,1024
"com.github.marschall.readerbenchmarks.ReaderBenchmarks.readDirectBuffer:·gc.alloc.rate","thrpt",1,5,106.621740,0.400295,"MB/sec",,1048576,1024
"com.github.marschall.readerbenchmarks.ReaderBenchmarks.readDirectBuffer:·gc.alloc.rate.norm","thrpt",1,5,16400.768219,1.164279,"B/op",,1048576,1024
"com.github.marschall.readerbenchmarks.ReaderBenchmarks.readDirectBuffer:·gc.churn.G1_Eden_Space","thrpt",1,5,101.472804,97.078015,"MB/sec",,1048576,1024
"com.github.marschall.readerbenchmarks.ReaderBenchmarks.readDirectBuffer:·gc.churn.G1_Eden_Space.norm","thrpt",1,5,15608.760436,14932.886341,"B/op",,1048576,1024
"com.github.marschall.readerbenchmarks.ReaderBenchmarks.readDirectBuffer:·gc.churn.G1_Survivor_Space","thrpt",1,5,0.070602,0.576222,"MB/sec",,1048576,1024
"com.github.marschall.readerbenchmarks.ReaderBenchmarks.readDirectBuffer:·gc.churn.G1_Survivor_Space.norm","thrpt",1,5,10.862230,88.654835,"B/op",,1048576,1024
"com.github.marschall.readerbenchmarks.ReaderBenchmarks.readDirectBuffer:·gc.count","thrpt",1,5,9.000000,NaN,"counts",,1048576,1024
"com.github.marschall.readerbenchmarks.ReaderBenchmarks.readDirectBuffer:·gc.time","thrpt",1,5,14.000000,NaN,"ms",,1048576,1024
"com.github.marschall.readerbenchmarks.ReaderBenchmarks.readDirectBuffer","thrpt",1,5,9.372914,0.124957,"ops/ms",,1048576,1048576
"com.github.marschall.readerbenchmarks.ReaderBenchmarks.readDirectBuffer:·gc.alloc.rate","thrpt",1,5,139.605241,1.864236,"MB/sec",,1048576,1048576
"com.github.marschall.readerbenchmarks.ReaderBenchmarks.readDirectBuffer:·gc.alloc.rate.norm","thrpt",1,5,16400.755245,0.667175,"B/op",,1048576,1048576
"com.github.marschall.readerbenchmarks.ReaderBenchmarks.readDirectBuffer:·gc.churn.G1_Eden_Space","thrpt",1,5,135.296191,118.895927,"MB/sec",,1048576,1048576
"com.github.marschall.readerbenchmarks.ReaderBenchmarks.readDirectBuffer:·gc.churn.G1_Eden_Space.norm","thrpt",1,5,15897.281062,14029.465682,"B/op",,1048576,1048576
"com.github.marschall.readerbenchmarks.ReaderBenchmarks.readDirectBuffer:·gc.churn.G1_Survivor_Space","thrpt",1,5,0.071296,0.579139,"MB/sec",,1048576,1048576
"com.github.marschall.readerbenchmarks.ReaderBenchmarks.readDirectBuffer:·gc.churn.G1_Survivor_Space.norm","thrpt",1,5,8.359038,67.893747,"B/op",,1048576,1048576
"com.github.marschall.readerbenchmarks.ReaderBenchmarks.readDirectBuffer:·gc.count","thrpt",1,5,12.000000,NaN,"counts",,1048576,1048576
"com.github.marschall.readerbenchmarks.ReaderBenchmarks.readDirectBuffer:·gc.time","thrpt",1,5,16.000000,NaN,"ms",,1048576,1048576
"com.github.marschall.readerbenchmarks.ReaderBenchmarks.readHeapBuffer","thrpt",1,5,76949.479358,357.547009,"ops/ms",,128,128
"com.github.marschall.readerbenchmarks.ReaderBenchmarks.readHeapBuffer:·gc.alloc.rate","thrpt",1,5,0.000040,0.000000,"MB/sec",,128,128
"com.github.marschall.readerbenchmarks.ReaderBenchmarks.readHeapBuffer:·gc.alloc.rate.norm","thrpt",1,5,0.000001,0.000000,"B/op",,128,128
"com.github.marschall.readerbenchmarks.ReaderBenchmarks.readHeapBuffer:·gc.count","thrpt",1,5,0.000000,NaN,"counts",,128,128
"com.github.marschall.readerbenchmarks.ReaderBenchmarks.readHeapBuffer","thrpt",1,5,76657.947021,504.345794,"ops/ms",,128,1024
"com.github.marschall.readerbenchmarks.ReaderBenchmarks.readHeapBuffer:·gc.alloc.rate","thrpt",1,5,0.000040,0.000000,"MB/sec",,128,1024
"com.github.marschall.readerbenchmarks.ReaderBenchmarks.readHeapBuffer:·gc.alloc.rate.norm","thrpt",1,5,0.000001,0.000000,"B/op",,128,1024
"com.github.marschall.readerbenchmarks.ReaderBenchmarks.readHeapBuffer:·gc.count","thrpt",1,5,0.000000,NaN,"counts",,128,1024
"com.github.marschall.readerbenchmarks.ReaderBenchmarks.readHeapBuffer","thrpt",1,5,77165.415319,159.497094,"ops/ms",,128,1048576
"com.github.marschall.readerbenchmarks.ReaderBenchmarks.readHeapBuffer:·gc.alloc.rate","thrpt",1,5,0.000040,0.000000,"MB/sec",,128,1048576
"com.github.marschall.readerbenchmarks.ReaderBenchmarks.readHeapBuffer:·gc.alloc.rate.norm","thrpt",1,5,0.000001,0.000000,"B/op",,128,1048576
"com.github.marschall.readerbenchmarks.ReaderBenchmarks.readHeapBuffer:·gc.count","thrpt",1,5,0.000000,NaN,"counts",,128,1048576
"com.github.marschall.readerbenchmarks.ReaderBenchmarks.readHeapBuffer","thrpt",1,5,9272.820171,16.186840,"ops/ms",,1024,128
"com.github.marschall.readerbenchmarks.ReaderBenchmarks.readHeapBuffer:·gc.alloc.rate","thrpt",1,5,0.000040,0.000000,"MB/sec",,1024,128
"com.github.marschall.readerbenchmarks.ReaderBenchmarks.readHeapBuffer:·gc.alloc.rate.norm","thrpt",1,5,0.000005,0.000000,"B/op",,1024,128
"com.github.marschall.readerbenchmarks.ReaderBenchmarks.readHeapBuffer:·gc.count","thrpt",1,5,0.000000,NaN,"counts",,1024,128
"com.github.marschall.readerbenchmarks.ReaderBenchmarks.readHeapBuffer","thrpt",1,5,31952.644712,209.744845,"ops/ms",,1024,1024
"com.github.marschall.readerbenchmarks.ReaderBenchmarks.readHeapBuffer:·gc.alloc.rate","thrpt",1,5,0.000040,0.000000,"MB/sec",,1024,1024
"com.github.marschall.readerbenchmarks.ReaderBenchmarks.readHeapBuffer:·gc.alloc.rate.norm","thrpt",1,5,0.000001,0.000000,"B/op",,1024,1024
"com.github.marschall.readerbenchmarks.ReaderBenchmarks.readHeapBuffer:·gc.count","thrpt",1,5,0.000000,NaN,"counts",,1024,1024
"com.github.marschall.readerbenchmarks.ReaderBenchmarks.readHeapBuffer","thrpt",1,5,36321.639826,605.049483,"ops/ms",,1024,1048576
"com.github.marschall.readerbenchmarks.ReaderBenchmarks.readHeapBuffer:·gc.alloc.rate","thrpt",1,5,0.000040,0.000000,"MB/sec",,1024,1048576
"com.github.marschall.readerbenchmarks.ReaderBenchmarks.readHeapBuffer:·gc.alloc.rate.norm","thrpt",1,5,0.000001,0.000000,"B/op",,1024,1048576
"com.github.marschall.readerbenchmarks.ReaderBenchmarks.readHeapBuffer:·gc.count","thrpt",1,5,0.000000,NaN,"counts",,1024,1048576
"com.github.marschall.readerbenchmarks.ReaderBenchmarks.readHeapBuffer","thrpt",1,5,9.537817,0.005996,"ops/ms",,1048576,128
"com.github.marschall.readerbenchmarks.ReaderBenchmarks.readHeapBuffer:·gc.alloc.rate","thrpt",1,5,0.000040,0.000008,"MB/sec",,1048576,128
"com.github.marschall.readerbenchmarks.ReaderBenchmarks.readHeapBuffer:·gc.alloc.rate.norm","thrpt",1,5,0.004613,0.000913,"B/op",,1048576,128
"com.github.marschall.readerbenchmarks.ReaderBenchmarks.readHeapBuffer:·gc.count","thrpt",1,5,0.000000,NaN,"counts",,1048576,128
"com.github.marschall.readerbenchmarks.ReaderBenchmarks.readHeapBuffer","thrpt",1,5,16.477963,0.022289,"ops/ms",,1048576,1024
"com.github.marschall.readerbenchmarks.ReaderBenchmarks.readHeapBuffer:·gc.alloc.rate","thrpt",1,5,0.000038,0.000006,"MB/sec",,1048576,1024
"com.github.marschall.readerbenchmarks.ReaderBenchmarks.readHeapBuffer:·gc.alloc.rate.norm","thrpt",1,5,0.002554,0.000410,"B/op",,1048576,1024
"com.github.marschall.readerbenchmarks.ReaderBenchmarks.readHeapBuffer:·gc.count","thrpt",1,5,0.000000,NaN,"counts",,1048576,1024
"com.github.marschall.readerbenchmarks.ReaderBenchmarks.readHeapBuffer","thrpt",1,5,18.752861,0.012234,"ops/ms",,1048576,1048576
"com.github.marschall.readerbenchmarks.ReaderBenchmarks.readHeapBuffer:·gc.alloc.rate","thrpt",1,5,0.000039,0.000006,"MB/sec",,1048576,1048576
"com.github.marschall.readerbenchmarks.ReaderBenchmarks.readHeapBuffer:·gc.alloc.rate.norm","thrpt",1,5,0.002278,0.000360,"B/op",,1048576,1048576
"com.github.marschall.readerbenchmarks.ReaderBenchmarks.readHeapBuffer:·gc.count","thrpt",1,5,0.000000,NaN,"counts",,1048576,1048576
"com.github.marschall.readerbenchmarks.ScannerBenchmarks.scan","thrpt",1,5,4499.066497,3.416574,"ops/ms",,,128
"com.github.marschall.readerbenchmarks.ScannerBenchmarks.scan:·gc.alloc.rate","thrpt",1,5,1782.413067,1.377673,"MB/sec",,,128
"com.github.marschall.readerbenchmarks.ScannerBenchmarks.scan:·gc.alloc.rate.norm","thrpt",1,5,436.231912,0.002303,"B/op",,,128
"com.github.marschall.readerbenchmarks.ScannerBenchmarks.scan:·gc.churn.G1_Eden_Space","thrpt",1,5,1781.432364,118.854917,"MB/sec",,,128
"com.github.marschall.readerbenchmarks.ScannerBenchmarks.scan:·gc.churn.G1_Eden_Space.norm","thrpt",1,5,435.992546,29.266693,"B/op",,,128
"com.github.marschall.readerbenchmarks.ScannerBenchmarks.scan:·gc.churn.G1_Survivor_Space","thrpt",1,5,0.002887,0.005102,"MB/sec",,,128
"com.github.marschall.readerbenchmarks.ScannerBenchmarks.scan:·gc.churn.G1_Survivor_Space.norm","thrpt",1,5,0.000707,0.001249,"B/op",,,128
"com.github.marschall.readerbenchmarks.ScannerBenchmarks.scan:·gc.count","thrpt",1,5,158.000000,NaN,"counts",,,128
"com.github.marschall.readerbenchmarks.ScannerBenchmarks.scan:·gc.time","thrpt",1,5,98.000000,NaN,"ms",,,128
"com.github.marschall.readerbenchmarks.ScannerBenchmarks.scan","thrpt",1,5,4571.344434,17.104079,"ops/ms",,,1024
"com.github.marschall.readerbenchmarks.ScannerBenchmarks.scan:·gc.alloc.rate","thrpt",1,5,1797.420939,6.702102,"MB/sec",,,1024
"com.github.marschall.readerbenchmarks.ScannerBenchmarks.scan:·gc.alloc.rate.norm","thrpt",1,5,432.954230,0.001710,"B/op",,,1024
"com.github.marschall.readerbenchmarks.ScannerBenchmarks.scan:·gc.churn.G1_Eden_Space","thrpt",1,5,1803.964336,0.121750,"MB/sec",,,1024
"com.github.marschall.readerbenchmarks.ScannerBenchmarks.scan:·gc.churn.G1_Eden_Space.norm","thrpt",1,5,434.530699,1.621283,"B/op",,,1024
"com.github.marschall.readerbenchmarks.ScannerBenchmarks.scan:·gc.churn.G1_Survivor_Space","thrpt",1,5,0.002920,0.002872,"MB/sec",,,1024
"com.github.marschall.readerbenchmarks.ScannerBenchmarks.scan:·gc.churn.G1_Survivor_Space.norm","thrpt",1,5,0.000703,0.000690,"B/op",,,1024
"com.github.marschall.readerbenchmarks.ScannerBenchmarks.scan:·gc.count","thrpt",1,5,160.000000,NaN,"counts",,,1024
"com.github.marschall.readerbenchmarks.ScannerBenchmarks.scan:·gc.time","thrpt",1,5,104.000000,NaN,"ms",,,1024
"com.github.marschall.readerbenchmarks.ScannerBenchmarks.scan","thrpt",1,5,5149.017490,7.679731,"ops/ms",,,1048576
"com.github.marschall.readerbenchmarks.ScannerBenchmarks.scan:·gc.alloc.rate","thrpt",1,5,2022.650355,2.973856,"MB/sec",,,1048576
"com.github.marschall.readerbenchmarks.ScannerBenchmarks.scan:·gc.alloc.rate.norm","thrpt",1,5,432.544392,0.001406,"B/op",,,1048576
"com.github.marschall.readerbenchmarks.ScannerBenchmarks.scan:·gc.churn.G1_Eden_Space","thrpt",1,5,2029.459909,0.082311,"MB/sec",,,1048576
"com.github.marschall.readerbenchmarks.ScannerBenchmarks.scan:·gc.churn.G1_Eden_Space.norm","thrpt",1,5,434.000669,0.647426,"B/op",,,1048576
"com.github.marschall.readerbenchmarks.ScannerBenchmarks.scan:·gc.churn.G1_Survivor_Space","thrpt",1,5,0.003275,0.002370,"MB/sec",,,1048576
"com.github.marschall.readerbenchmarks.ScannerBenchmarks.scan:·gc.churn.G1_Survivor_Space.norm","thrpt",1,5,0.000700,0.000507,"B/op",,,1048576
"com.github.marschall.readerbenchmarks.ScannerBenchmarks.scan:·gc.count","thrpt",1,5,180.000000,NaN,"counts",,,1048576
"com.github.marschall.readerbenchmarks.ScannerBenchmarks.scan:·gc.time","thrpt",1,5,101.000000,NaN,"ms",,,1048576
